record_id,view,analysis_set,subgroup_type,subgroup_value,metric,metric_label,effect_scale,ce_k,ce_n,ce_value,comparison_k,comparison_n,comparison_value,effect,ci_low,ci_high,rows_per_condition,stations,positive_stations,tie_stations,negative_stations,descriptive_sign_p,window,candidate_positive,eligible_rows,unresolved,source_file,source_record,ce_observed,comparison_observed
AGG-903f82a499bc,pooled,unrestricted,overall,all,verification_successful,Completed-successful verification call,risk_difference,514,1227,0.4189079054604727,457,1227,0.3724531377343113,0.04645476772616136,,,1227,,,,,,,,,,analysis/results/pooled_summary.csv,row=2,1227,1227
AGG-41543b438714,pooled,unrestricted,overall,all,audit_signal,Audit-stage prompt signal,risk_difference,348,1227,0.28361858190709044,177,1227,0.14425427872860636,0.13936430317848408,,,1227,,,,,,,,,,analysis/results/pooled_summary.csv,row=3,1227,1227
AGG-21222b0bf578,pooled,unrestricted,overall,all,remediation_signal,Remediation-stage prompt signal,risk_difference,193,1227,0.15729421352893236,113,1227,0.09209453952730236,0.06519967400163,,,1227,,,,,,,,,,analysis/results/pooled_summary.csv,row=4,1227,1227
AGG-13df25b75a10,pooled,unrestricted,overall,all,packaging_release_signal,Packaging/release-stage prompt signal,risk_difference,82,1227,0.06682966585167074,13,1227,0.010594947025264874,0.05623471882640587,,,1227,,,,,,,,,,analysis/results/pooled_summary.csv,row=5,1227,1227
AGG-6c89754dbfab,pooled,unrestricted,overall,all,multistage_signal,At least two distinct stage prompt signals,risk_difference,290,1227,0.23634881825590873,52,1227,0.042379788101059496,0.19396903015484923,,,1227,,,,,,,,,,analysis/results/pooled_summary.csv,row=6,1227,1227
AGG-8ba5e1d13e9e,pooled,unrestricted,overall,all,grounded_decision_trace,Grounded-decision trace proxy,risk_difference,450,1227,0.36674816625916873,139,1227,0.1132844335778321,0.2534637326813366,,,1227,,,,,,,,,,analysis/results/pooled_summary.csv,row=7,1227,1227
AGG-8c1b2da17e3c,pooled,unrestricted,overall,all,duration_min,Median observed trajectory minutes,ratio_of_condition_medians,,,6.750333333333333,,,4.216633333333333,1.6008822204128095,,,1227,,,,,,,,,,analysis/results/pooled_summary.csv,row=8,1225,1226
AGG-22a375022e79,pooled,unrestricted,overall,all,completed_substantive_actions,Median completed substantive actions,ratio_of_condition_medians,,,9.0,,,6.0,1.5,,,1227,,,,,,,,,,analysis/results/pooled_summary.csv,row=9,1227,1227
AGG-40e579a77e27,pooled,unrestricted,overall,all,min_per_action,Median minutes per completed substantive action,ratio_of_condition_medians,,,0.7904333333333333,,,0.6579197222222222,1.2014130396692269,,,1227,,,,,,,,,,analysis/results/pooled_summary.csv,row=10,1225,1226
AGG-3e3d72dcbb0e,pooled,primary_frontloaded,overall,all,verification_successful,Completed-successful verification call,risk_difference,200,429,0.4662004662004662,165,429,0.38461538461538464,0.08158508158508154,,,429,,,,,,,,,,analysis/results/pooled_summary.csv,row=11,429,429
AGG-f9066687c51c,pooled,primary_frontloaded,overall,all,audit_signal,Audit-stage prompt signal,risk_difference,206,429,0.4801864801864802,52,429,0.12121212121212122,0.358974358974359,,,429,,,,,,,,,,analysis/results/pooled_summary.csv,row=12,429,429
AGG-964f8271a387,pooled,primary_frontloaded,overall,all,remediation_signal,Remediation-stage prompt signal,risk_difference,135,429,0.3146853146853147,34,429,0.07925407925407925,0.23543123543123545,,,429,,,,,,,,,,analysis/results/pooled_summary.csv,row=13,429,429
AGG-45e0e5cf06b0,pooled,primary_frontloaded,overall,all,packaging_release_signal,Packaging/release-stage prompt signal,risk_difference,76,429,0.17715617715617715,6,429,0.013986013986013986,0.16317016317016317,,,429,,,,,,,,,,analysis/results/pooled_summary.csv,row=14,429,429
AGG-f478055b7eaf,pooled,primary_frontloaded,overall,all,multistage_signal,At least two distinct stage prompt signals,risk_difference,234,429,0.5454545454545454,12,429,0.027972027972027972,0.5174825174825174,,,429,,,,,,,,,,analysis/results/pooled_summary.csv,row=15,429,429
AGG-8fc09ad14c47,pooled,primary_frontloaded,overall,all,grounded_decision_trace,Grounded-decision trace proxy,risk_difference,267,429,0.6223776223776224,33,429,0.07692307692307693,0.5454545454545454,,,429,,,,,,,,,,analysis/results/pooled_summary.csv,row=16,429,429
AGG-d7ffbc34f65f,pooled,primary_frontloaded,overall,all,duration_min,Median observed trajectory minutes,ratio_of_condition_medians,,,7.226016666666666,,,4.437433333333333,1.6284225866304096,,,429,,,,,,,,,,analysis/results/pooled_summary.csv,row=17,428,429
AGG-5f407af43ead,pooled,primary_frontloaded,overall,all,completed_substantive_actions,Median completed substantive actions,ratio_of_condition_medians,,,9.0,,,6.0,1.5,,,429,,,,,,,,,,analysis/results/pooled_summary.csv,row=18,429,429
AGG-67775b6eec1f,pooled,primary_frontloaded,overall,all,min_per_action,Median minutes per completed substantive action,ratio_of_condition_medians,,,0.7990926932367151,,,0.7131833333333333,1.1204590122736768,,,429,,,,,,,,,,analysis/results/pooled_summary.csv,row=19,428,429
AGG-ae7ce45688c5,station,unrestricted,station,ST00,verification_successful,Completed-successful verification call,risk_difference,181,459,0.39433551198257083,163,459,0.355119825708061,0.03921568627450983,,,459,1,,,,,,,,,analysis/results/station_effects.csv,row=2,459,459
AGG-838ace874f56,station,unrestricted,station,ST00,audit_signal,Audit-stage prompt signal,risk_difference,111,459,0.24183006535947713,68,459,0.14814814814814814,0.09368191721132899,,,459,1,,,,,,,,,analysis/results/station_effects.csv,row=3,459,459
AGG-c146fad88f8c,station,unrestricted,station,ST00,remediation_signal,Remediation-stage prompt signal,risk_difference,41,459,0.08932461873638345,43,459,0.09368191721132897,-0.004357298474945523,,,459,1,,,,,,,,,analysis/results/station_effects.csv,row=4,459,459
AGG-53ff038bb18c,station,unrestricted,station,ST00,packaging_release_signal,Packaging/release-stage prompt signal,risk_difference,8,459,0.017429193899782137,8,459,0.017429193899782137,0.0,,,459,1,,,,,,,,,analysis/results/station_effects.csv,row=5,459,459
AGG-08cc58232113,station,unrestricted,station,ST00,multistage_signal,At least two distinct stage prompt signals,risk_difference,55,459,0.11982570806100218,14,459,0.030501089324618737,0.08932461873638345,,,459,1,,,,,,,,,analysis/results/station_effects.csv,row=6,459,459
AGG-2f7cef3e241a,station,unrestricted,station,ST00,grounded_decision_trace,Grounded-decision trace proxy,risk_difference,137,459,0.2984749455337691,57,459,0.12418300653594772,0.17429193899782136,,,459,1,,,,,,,,,analysis/results/station_effects.csv,row=7,459,459
AGG-53ae9751dbd4,station,unrestricted,station,ST00,duration_min,Median observed trajectory minutes,median_ratio,,,6.017250000000001,,,3.6944999999999997,1.6287048315062935,,,459,1,,,,,,,,,analysis/results/station_effects.csv,row=8,459,459
AGG-87e88a958068,station,unrestricted,station,ST00,completed_substantive_actions,Median completed substantive actions,median_ratio,,,8.0,,,5.0,1.6,,,459,1,,,,,,,,,analysis/results/station_effects.csv,row=9,459,459
AGG-c5316fa57d6e,station,unrestricted,station,ST00,min_per_action,Median minutes per completed substantive action,median_ratio,,,0.7243116666666667,,,0.5839652777777777,1.240333448288164,,,459,1,,,,,,,,,analysis/results/station_effects.csv,row=10,459,459
AGG-67785cd8294b,station,unrestricted,station,ST01,verification_successful,Completed-successful verification call,risk_difference,183,453,0.40397350993377484,170,453,0.37527593818984545,0.028697571743929395,,,453,1,,,,,,,,,analysis/results/station_effects.csv,row=11,453,453
AGG-e14721535b41,station,unrestricted,station,ST01,audit_signal,Audit-stage prompt signal,risk_difference,159,453,0.3509933774834437,76,453,0.16777041942604856,0.18322295805739516,,,453,1,,,,,,,,,analysis/results/station_effects.csv,row=12,453,453
AGG-70656c41fd05,station,unrestricted,station,ST01,remediation_signal,Remediation-stage prompt signal,risk_difference,105,453,0.23178807947019867,48,453,0.10596026490066225,0.1258278145695364,,,453,1,,,,,,,,,analysis/results/station_effects.csv,row=13,453,453
AGG-d487eb1dd1c5,station,unrestricted,station,ST01,packaging_release_signal,Packaging/release-stage prompt signal,risk_difference,46,453,0.10154525386313466,3,453,0.006622516556291391,0.09492273730684327,,,453,1,,,,,,,,,analysis/results/station_effects.csv,row=14,453,453
AGG-33e2063deebf,station,unrestricted,station,ST01,multistage_signal,At least two distinct stage prompt signals,risk_difference,152,453,0.3355408388520971,23,453,0.05077262693156733,0.2847682119205298,,,453,1,,,,,,,,,analysis/results/station_effects.csv,row=15,453,453
AGG-977d4ebbbdfb,station,unrestricted,station,ST01,grounded_decision_trace,Grounded-decision trace proxy,risk_difference,202,453,0.445916114790287,63,453,0.1390728476821192,0.3068432671081678,,,453,1,,,,,,,,,analysis/results/station_effects.csv,row=16,453,453
AGG-ffc5068dbb56,station,unrestricted,station,ST01,duration_min,Median observed trajectory minutes,median_ratio,,,6.940650000000001,,,4.4859333333333336,1.5472031089776932,,,453,1,,,,,,,,,analysis/results/station_effects.csv,row=17,453,453
AGG-078ba2e3d8ca,station,unrestricted,station,ST01,completed_substantive_actions,Median completed substantive actions,median_ratio,,,10.0,,,6.0,1.6666666666666667,,,453,1,,,,,,,,,analysis/results/station_effects.csv,row=18,453,453
AGG-2af791222cf7,station,unrestricted,station,ST01,min_per_action,Median minutes per completed substantive action,median_ratio,,,0.722075,,,0.6460583333333333,1.1176622338024174,,,453,1,,,,,,,,,analysis/results/station_effects.csv,row=19,453,453
AGG-b31d720df6db,station,unrestricted,station,ST02,verification_successful,Completed-successful verification call,risk_difference,54,108,0.5,41,108,0.37962962962962965,0.12037037037037035,,,108,1,,,,,,,,,analysis/results/station_effects.csv,row=20,108,108
AGG-fa874a40e51a,station,unrestricted,station,ST02,audit_signal,Audit-stage prompt signal,risk_difference,34,108,0.3148148148148148,19,108,0.17592592592592593,0.1388888888888889,,,108,1,,,,,,,,,analysis/results/station_effects.csv,row=21,108,108
AGG-9138dfa155d2,station,unrestricted,station,ST02,remediation_signal,Remediation-stage prompt signal,risk_difference,18,108,0.16666666666666666,5,108,0.046296296296296294,0.12037037037037036,,,108,1,,,,,,,,,analysis/results/station_effects.csv,row=22,108,108
AGG-2b365766c141,station,unrestricted,station,ST02,packaging_release_signal,Packaging/release-stage prompt signal,risk_difference,8,108,0.07407407407407407,0,108,0.0,0.07407407407407407,,,108,1,,,,,,,,,analysis/results/station_effects.csv,row=23,108,108
AGG-66047c1e7836,station,unrestricted,station,ST02,multistage_signal,At least two distinct stage prompt signals,risk_difference,29,108,0.26851851851851855,6,108,0.05555555555555555,0.212962962962963,,,108,1,,,,,,,,,analysis/results/station_effects.csv,row=24,108,108
AGG-728c1a816614,station,unrestricted,station,ST02,grounded_decision_trace,Grounded-decision trace proxy,risk_difference,41,108,0.37962962962962965,11,108,0.10185185185185185,0.2777777777777778,,,108,1,,,,,,,,,analysis/results/station_effects.csv,row=25,108,108
AGG-982ca455668f,station,unrestricted,station,ST02,duration_min,Median observed trajectory minutes,median_ratio,,,11.705608333333334,,,5.8375,2.005243397573162,,,108,1,,,,,,,,,analysis/results/station_effects.csv,row=26,106,107
AGG-3899c1e02178,station,unrestricted,station,ST02,completed_substantive_actions,Median completed substantive actions,median_ratio,,,11.0,,,7.5,1.4666666666666666,,,108,1,,,,,,,,,analysis/results/station_effects.csv,row=27,108,108
AGG-3c20a94177e8,station,unrestricted,station,ST02,min_per_action,Median minutes per completed substantive action,median_ratio,,,1.0058506099849849,,,0.8046217391304348,1.2500912678198588,,,108,1,,,,,,,,,analysis/results/station_effects.csv,row=28,106,107
AGG-b62671d2b3ad,station,unrestricted,station,ST04,verification_successful,Completed-successful verification call,risk_difference,3,9,0.3333333333333333,1,9,0.1111111111111111,0.2222222222222222,,,9,1,,,,,,,,,analysis/results/station_effects.csv,row=29,9,9
AGG-2114dc46aa42,station,unrestricted,station,ST04,audit_signal,Audit-stage prompt signal,risk_difference,3,9,0.3333333333333333,1,9,0.1111111111111111,0.2222222222222222,,,9,1,,,,,,,,,analysis/results/station_effects.csv,row=30,9,9
AGG-7236bb7724a0,station,unrestricted,station,ST04,remediation_signal,Remediation-stage prompt signal,risk_difference,0,9,0.0,2,9,0.2222222222222222,-0.2222222222222222,,,9,1,,,,,,,,,analysis/results/station_effects.csv,row=31,9,9
AGG-0b51c4500dfd,station,unrestricted,station,ST04,packaging_release_signal,Packaging/release-stage prompt signal,risk_difference,0,9,0.0,0,9,0.0,0.0,,,9,1,,,,,,,,,analysis/results/station_effects.csv,row=32,9,9
AGG-1176104e1a7d,station,unrestricted,station,ST04,multistage_signal,At least two distinct stage prompt signals,risk_difference,1,9,0.1111111111111111,1,9,0.1111111111111111,0.0,,,9,1,,,,,,,,,analysis/results/station_effects.csv,row=33,9,9
AGG-58c02ed43dcf,station,unrestricted,station,ST04,grounded_decision_trace,Grounded-decision trace proxy,risk_difference,3,9,0.3333333333333333,1,9,0.1111111111111111,0.2222222222222222,,,9,1,,,,,,,,,analysis/results/station_effects.csv,row=34,9,9
AGG-facce337996e,station,unrestricted,station,ST04,duration_min,Median observed trajectory minutes,median_ratio,,,9.639433333333333,,,1.4321333333333333,6.730821152592869,,,9,1,,,,,,,,,analysis/results/station_effects.csv,row=35,9,9
AGG-b559b401673d,station,unrestricted,station,ST04,completed_substantive_actions,Median completed substantive actions,median_ratio,,,6.0,,,2.0,3.0,,,9,1,,,,,,,,,analysis/results/station_effects.csv,row=36,9,9
AGG-8371544cf0b0,station,unrestricted,station,ST04,min_per_action,Median minutes per completed substantive action,median_ratio,,,1.427425,,,0.5056625,2.8228808741008082,,,9,1,,,,,,,,,analysis/results/station_effects.csv,row=37,9,9
AGG-fa2b659c3bcf,station,unrestricted,station,ST05,verification_successful,Completed-successful verification call,risk_difference,7,13,0.5384615384615384,4,13,0.3076923076923077,0.23076923076923073,,,13,1,,,,,,,,,analysis/results/station_effects.csv,row=38,13,13
AGG-bd5c41674cfb,station,unrestricted,station,ST05,audit_signal,Audit-stage prompt signal,risk_difference,7,13,0.5384615384615384,1,13,0.07692307692307693,0.4615384615384615,,,13,1,,,,,,,,,analysis/results/station_effects.csv,row=39,13,13
AGG-de6c26cfcdcd,station,unrestricted,station,ST05,remediation_signal,Remediation-stage prompt signal,risk_difference,3,13,0.23076923076923078,3,13,0.23076923076923078,0.0,,,13,1,,,,,,,,,analysis/results/station_effects.csv,row=40,13,13
AGG-205cc7b1b14e,station,unrestricted,station,ST05,packaging_release_signal,Packaging/release-stage prompt signal,risk_difference,3,13,0.23076923076923078,0,13,0.0,0.23076923076923078,,,13,1,,,,,,,,,analysis/results/station_effects.csv,row=41,13,13
AGG-a90dc9289a62,station,unrestricted,station,ST05,multistage_signal,At least two distinct stage prompt signals,risk_difference,4,13,0.3076923076923077,2,13,0.15384615384615385,0.15384615384615385,,,13,1,,,,,,,,,analysis/results/station_effects.csv,row=42,13,13
AGG-01cfc42559be,station,unrestricted,station,ST05,grounded_decision_trace,Grounded-decision trace proxy,risk_difference,8,13,0.6153846153846154,0,13,0.0,0.6153846153846154,,,13,1,,,,,,,,,analysis/results/station_effects.csv,row=43,13,13
AGG-d0d0d34c4b05,station,unrestricted,station,ST05,duration_min,Median observed trajectory minutes,median_ratio,,,9.884116666666667,,,3.7462666666666666,2.6383911093711077,,,13,1,,,,,,,,,analysis/results/station_effects.csv,row=44,13,13
AGG-7022efa4928b,station,unrestricted,station,ST05,completed_substantive_actions,Median completed substantive actions,median_ratio,,,10.0,,,11.0,0.9090909090909091,,,13,1,,,,,,,,,analysis/results/station_effects.csv,row=45,13,13
AGG-8d0fac87260d,station,unrestricted,station,ST05,min_per_action,Median minutes per completed substantive action,median_ratio,,,0.9778166666666667,,,0.6492138888888889,1.5061548796193687,,,13,1,,,,,,,,,analysis/results/station_effects.csv,row=46,13,13
AGG-e3e9a7bc664d,station,unrestricted,station,ST06,verification_successful,Completed-successful verification call,risk_difference,3,6,0.5,1,6,0.16666666666666666,0.33333333333333337,,,6,1,,,,,,,,,analysis/results/station_effects.csv,row=47,6,6
AGG-6d682a666836,station,unrestricted,station,ST06,audit_signal,Audit-stage prompt signal,risk_difference,0,6,0.0,1,6,0.16666666666666666,-0.16666666666666666,,,6,1,,,,,,,,,analysis/results/station_effects.csv,row=48,6,6
AGG-8325b5685558,station,unrestricted,station,ST06,remediation_signal,Remediation-stage prompt signal,risk_difference,0,6,0.0,0,6,0.0,0.0,,,6,1,,,,,,,,,analysis/results/station_effects.csv,row=49,6,6
AGG-6d919ca747bd,station,unrestricted,station,ST06,packaging_release_signal,Packaging/release-stage prompt signal,risk_difference,0,6,0.0,0,6,0.0,0.0,,,6,1,,,,,,,,,analysis/results/station_effects.csv,row=50,6,6
AGG-d0d809aea44a,station,unrestricted,station,ST06,multistage_signal,At least two distinct stage prompt signals,risk_difference,0,6,0.0,0,6,0.0,0.0,,,6,1,,,,,,,,,analysis/results/station_effects.csv,row=51,6,6
AGG-e020f34c583f,station,unrestricted,station,ST06,grounded_decision_trace,Grounded-decision trace proxy,risk_difference,0,6,0.0,1,6,0.16666666666666666,-0.16666666666666666,,,6,1,,,,,,,,,analysis/results/station_effects.csv,row=52,6,6
AGG-84ba824ae170,station,unrestricted,station,ST06,duration_min,Median observed trajectory minutes,median_ratio,,,7.067491666666666,,,13.732516666666665,0.5146537840235645,,,6,1,,,,,,,,,analysis/results/station_effects.csv,row=53,6,6
AGG-ccd467ed4716,station,unrestricted,station,ST06,completed_substantive_actions,Median completed substantive actions,median_ratio,,,5.0,,,6.5,0.7692307692307693,,,6,1,,,,,,,,,analysis/results/station_effects.csv,row=54,6,6
AGG-9a33bd9cb655,station,unrestricted,station,ST06,min_per_action,Median minutes per completed substantive action,median_ratio,,,1.2791830303030305,,,1.3328032196969697,0.9597688626486583,,,6,1,,,,,,,,,analysis/results/station_effects.csv,row=55,6,6
AGG-78f84a71ca20,station,unrestricted,station,ST07,verification_successful,Completed-successful verification call,risk_difference,2,4,0.5,1,4,0.25,0.25,,,4,1,,,,,,,,,analysis/results/station_effects.csv,row=56,4,4
AGG-c680f5b09143,station,unrestricted,station,ST07,audit_signal,Audit-stage prompt signal,risk_difference,1,4,0.25,0,4,0.0,0.25,,,4,1,,,,,,,,,analysis/results/station_effects.csv,row=57,4,4
AGG-4726f885e0c9,station,unrestricted,station,ST07,remediation_signal,Remediation-stage prompt signal,risk_difference,1,4,0.25,0,4,0.0,0.25,,,4,1,,,,,,,,,analysis/results/station_effects.csv,row=58,4,4
AGG-0fa864b7c52b,station,unrestricted,station,ST07,packaging_release_signal,Packaging/release-stage prompt signal,risk_difference,0,4,0.0,0,4,0.0,0.0,,,4,1,,,,,,,,,analysis/results/station_effects.csv,row=59,4,4
AGG-cff72a70063f,station,unrestricted,station,ST07,multistage_signal,At least two distinct stage prompt signals,risk_difference,0,4,0.0,0,4,0.0,0.0,,,4,1,,,,,,,,,analysis/results/station_effects.csv,row=60,4,4
AGG-bce40a774993,station,unrestricted,station,ST07,grounded_decision_trace,Grounded-decision trace proxy,risk_difference,2,4,0.5,0,4,0.0,0.5,,,4,1,,,,,,,,,analysis/results/station_effects.csv,row=61,4,4
AGG-fb1d5971f1e6,station,unrestricted,station,ST07,duration_min,Median observed trajectory minutes,median_ratio,,,10.057316666666667,,,6.3489249999999995,1.5840975703235851,,,4,1,,,,,,,,,analysis/results/station_effects.csv,row=62,4,4
AGG-36ad62097187,station,unrestricted,station,ST07,completed_substantive_actions,Median completed substantive actions,median_ratio,,,7.0,,,2.0,3.5,,,4,1,,,,,,,,,analysis/results/station_effects.csv,row=63,4,4
AGG-0d8c5e9fe04b,station,unrestricted,station,ST07,min_per_action,Median minutes per completed substantive action,median_ratio,,,2.4559919642857144,,,1.946785606060606,1.2615626274613294,,,4,1,,,,,,,,,analysis/results/station_effects.csv,row=64,4,4
AGG-ba6e4804a1c1,station,unrestricted,station,ST08,verification_successful,Completed-successful verification call,risk_difference,47,71,0.6619718309859155,41,71,0.5774647887323944,0.08450704225352113,,,71,1,,,,,,,,,analysis/results/station_effects.csv,row=65,71,71
AGG-fd0b32960a6e,station,unrestricted,station,ST08,audit_signal,Audit-stage prompt signal,risk_difference,12,71,0.16901408450704225,3,71,0.04225352112676056,0.1267605633802817,,,71,1,,,,,,,,,analysis/results/station_effects.csv,row=66,71,71
AGG-31f8d8fe9564,station,unrestricted,station,ST08,remediation_signal,Remediation-stage prompt signal,risk_difference,11,71,0.15492957746478872,6,71,0.08450704225352113,0.0704225352112676,,,71,1,,,,,,,,,analysis/results/station_effects.csv,row=67,71,71
AGG-d212f5e51224,station,unrestricted,station,ST08,packaging_release_signal,Packaging/release-stage prompt signal,risk_difference,9,71,0.1267605633802817,1,71,0.014084507042253521,0.11267605633802817,,,71,1,,,,,,,,,analysis/results/station_effects.csv,row=68,71,71
AGG-7f599020171a,station,unrestricted,station,ST08,multistage_signal,At least two distinct stage prompt signals,risk_difference,21,71,0.29577464788732394,2,71,0.028169014084507043,0.2676056338028169,,,71,1,,,,,,,,,analysis/results/station_effects.csv,row=69,71,71
AGG-28e679150c01,station,unrestricted,station,ST08,grounded_decision_trace,Grounded-decision trace proxy,risk_difference,22,71,0.30985915492957744,2,71,0.028169014084507043,0.2816901408450704,,,71,1,,,,,,,,,analysis/results/station_effects.csv,row=70,71,71
AGG-ad72764ecd62,station,unrestricted,station,ST08,duration_min,Median observed trajectory minutes,median_ratio,,,7.3733,,,4.385166666666667,1.6814184181521037,,,71,1,,,,,,,,,analysis/results/station_effects.csv,row=71,71,71
AGG-ac911b99b7a7,station,unrestricted,station,ST08,completed_substantive_actions,Median completed substantive actions,median_ratio,,,8.0,,,6.0,1.3333333333333333,,,71,1,,,,,,,,,analysis/results/station_effects.csv,row=72,71,71
AGG-a76b83eb4601,station,unrestricted,station,ST08,min_per_action,Median minutes per completed substantive action,median_ratio,,,0.7334717948717948,,,0.5916730769230769,1.239657208480948,,,71,1,,,,,,,,,analysis/results/station_effects.csv,row=73,71,71
AGG-9ec46d517f70,station,unrestricted,station,ST09,verification_successful,Completed-successful verification call,risk_difference,0,5,0.0,0,5,0.0,0.0,,,5,1,,,,,,,,,analysis/results/station_effects.csv,row=74,5,5
AGG-eda3530dae2c,station,unrestricted,station,ST09,audit_signal,Audit-stage prompt signal,risk_difference,1,5,0.2,0,5,0.0,0.2,,,5,1,,,,,,,,,analysis/results/station_effects.csv,row=75,5,5
AGG-5305a16963c9,station,unrestricted,station,ST09,remediation_signal,Remediation-stage prompt signal,risk_difference,1,5,0.2,1,5,0.2,0.0,,,5,1,,,,,,,,,analysis/results/station_effects.csv,row=76,5,5
AGG-b3ba24163748,station,unrestricted,station,ST09,packaging_release_signal,Packaging/release-stage prompt signal,risk_difference,1,5,0.2,0,5,0.0,0.2,,,5,1,,,,,,,,,analysis/results/station_effects.csv,row=77,5,5
AGG-18eb87bd5933,station,unrestricted,station,ST09,multistage_signal,At least two distinct stage prompt signals,risk_difference,1,5,0.2,0,5,0.0,0.2,,,5,1,,,,,,,,,analysis/results/station_effects.csv,row=78,5,5
AGG-75bc54d38dff,station,unrestricted,station,ST09,grounded_decision_trace,Grounded-decision trace proxy,risk_difference,2,5,0.4,0,5,0.0,0.4,,,5,1,,,,,,,,,analysis/results/station_effects.csv,row=79,5,5
AGG-7173c5f497a2,station,unrestricted,station,ST09,duration_min,Median observed trajectory minutes,median_ratio,,,17.2926,,,4.149966666666667,4.166925035542454,,,5,1,,,,,,,,,analysis/results/station_effects.csv,row=80,5,5
AGG-84e6e361a8e4,station,unrestricted,station,ST09,completed_substantive_actions,Median completed substantive actions,median_ratio,,,7.0,,,4.0,1.75,,,5,1,,,,,,,,,analysis/results/station_effects.csv,row=81,5,5
AGG-bf758f6b3955,station,unrestricted,station,ST09,min_per_action,Median minutes per completed substantive action,median_ratio,,,5.0080229166666665,,,1.3262166666666666,3.776172508262853,,,5,1,,,,,,,,,analysis/results/station_effects.csv,row=82,5,5
AGG-d72a4838d0d1,station,unrestricted,station,ST10,verification_successful,Completed-successful verification call,risk_difference,25,51,0.49019607843137253,23,51,0.45098039215686275,0.039215686274509776,,,51,1,,,,,,,,,analysis/results/station_effects.csv,row=83,51,51
AGG-f54f1a1c0a35,station,unrestricted,station,ST10,audit_signal,Audit-stage prompt signal,risk_difference,6,51,0.11764705882352941,1,51,0.0196078431372549,0.09803921568627451,,,51,1,,,,,,,,,analysis/results/station_effects.csv,row=84,51,51
AGG-1142af87cea7,station,unrestricted,station,ST10,remediation_signal,Remediation-stage prompt signal,risk_difference,9,51,0.17647058823529413,3,51,0.058823529411764705,0.11764705882352942,,,51,1,,,,,,,,,analysis/results/station_effects.csv,row=85,51,51
AGG-f82ac0174e32,station,unrestricted,station,ST10,packaging_release_signal,Packaging/release-stage prompt signal,risk_difference,4,51,0.0784313725490196,1,51,0.0196078431372549,0.058823529411764705,,,51,1,,,,,,,,,analysis/results/station_effects.csv,row=86,51,51
AGG-419eca352070,station,unrestricted,station,ST10,multistage_signal,At least two distinct stage prompt signals,risk_difference,13,51,0.2549019607843137,1,51,0.0196078431372549,0.23529411764705882,,,51,1,,,,,,,,,analysis/results/station_effects.csv,row=87,51,51
AGG-636cc3b3f74f,station,unrestricted,station,ST10,grounded_decision_trace,Grounded-decision trace proxy,risk_difference,15,51,0.29411764705882354,2,51,0.0392156862745098,0.2549019607843137,,,51,1,,,,,,,,,analysis/results/station_effects.csv,row=88,51,51
AGG-995978c00d26,station,unrestricted,station,ST10,duration_min,Median observed trajectory minutes,median_ratio,,,4.386966666666667,,,4.139383333333333,1.0598116466623453,,,51,1,,,,,,,,,analysis/results/station_effects.csv,row=89,51,51
AGG-f2aae2b4abcf,station,unrestricted,station,ST10,completed_substantive_actions,Median completed substantive actions,median_ratio,,,6.0,,,3.0,2.0,,,51,1,,,,,,,,,analysis/results/station_effects.csv,row=90,51,51
AGG-03cb0df230bc,station,unrestricted,station,ST10,min_per_action,Median minutes per completed substantive action,median_ratio,,,0.6600777777777778,,,0.949425,0.6952395163154307,,,51,1,,,,,,,,,analysis/results/station_effects.csv,row=91,51,51
AGG-9793457c2520,station,unrestricted,station,ST11,verification_successful,Completed-successful verification call,risk_difference,1,4,0.25,2,4,0.5,-0.25,,,4,1,,,,,,,,,analysis/results/station_effects.csv,row=92,4,4
AGG-b5e8c60f288f,station,unrestricted,station,ST11,audit_signal,Audit-stage prompt signal,risk_difference,1,4,0.25,0,4,0.0,0.25,,,4,1,,,,,,,,,analysis/results/station_effects.csv,row=93,4,4
AGG-6184537e6689,station,unrestricted,station,ST11,remediation_signal,Remediation-stage prompt signal,risk_difference,0,4,0.0,0,4,0.0,0.0,,,4,1,,,,,,,,,analysis/results/station_effects.csv,row=94,4,4
AGG-3ec96dac1c7c,station,unrestricted,station,ST11,packaging_release_signal,Packaging/release-stage prompt signal,risk_difference,0,4,0.0,0,4,0.0,0.0,,,4,1,,,,,,,,,analysis/results/station_effects.csv,row=95,4,4
AGG-1da01be552e3,station,unrestricted,station,ST11,multistage_signal,At least two distinct stage prompt signals,risk_difference,0,4,0.0,0,4,0.0,0.0,,,4,1,,,,,,,,,analysis/results/station_effects.csv,row=96,4,4
AGG-b9c52aed9b3f,station,unrestricted,station,ST11,grounded_decision_trace,Grounded-decision trace proxy,risk_difference,1,4,0.25,0,4,0.0,0.25,,,4,1,,,,,,,,,analysis/results/station_effects.csv,row=97,4,4
AGG-487ad473db31,station,unrestricted,station,ST11,duration_min,Median observed trajectory minutes,median_ratio,,,10.870283333333333,,,1.7073583333333333,6.3667263755411625,,,4,1,,,,,,,,,analysis/results/station_effects.csv,row=98,4,4
AGG-1f992a3a441e,station,unrestricted,station,ST11,completed_substantive_actions,Median completed substantive actions,median_ratio,,,8.5,,,1.5,5.666666666666667,,,4,1,,,,,,,,,analysis/results/station_effects.csv,row=99,4,4
AGG-f044fe32fdec,station,unrestricted,station,ST11,min_per_action,Median minutes per completed substantive action,median_ratio,,,1.6057903273809524,,,1.0057333333333334,1.5966362793791784,,,4,1,,,,,,,,,analysis/results/station_effects.csv,row=100,4,4
AGG-b3e06f3e76dd,station,unrestricted,station,ST13,verification_successful,Completed-successful verification call,risk_difference,8,44,0.18181818181818182,10,44,0.22727272727272727,-0.04545454545454544,,,44,1,,,,,,,,,analysis/results/station_effects.csv,row=101,44,44
AGG-6eebc1c5dd0b,station,unrestricted,station,ST13,audit_signal,Audit-stage prompt signal,risk_difference,13,44,0.29545454545454547,7,44,0.1590909090909091,0.13636363636363638,,,44,1,,,,,,,,,analysis/results/station_effects.csv,row=102,44,44
AGG-07e3fe1f396b,station,unrestricted,station,ST13,remediation_signal,Remediation-stage prompt signal,risk_difference,4,44,0.09090909090909091,2,44,0.045454545454545456,0.045454545454545456,,,44,1,,,,,,,,,analysis/results/station_effects.csv,row=103,44,44
AGG-e7336efc44e6,station,unrestricted,station,ST13,packaging_release_signal,Packaging/release-stage prompt signal,risk_difference,3,44,0.06818181818181818,0,44,0.0,0.06818181818181818,,,44,1,,,,,,,,,analysis/results/station_effects.csv,row=104,44,44
AGG-50551b3c4dd1,station,unrestricted,station,ST13,multistage_signal,At least two distinct stage prompt signals,risk_difference,14,44,0.3181818181818182,3,44,0.06818181818181818,0.25,,,44,1,,,,,,,,,analysis/results/station_effects.csv,row=105,44,44
AGG-a1e221cbfbe5,station,unrestricted,station,ST13,grounded_decision_trace,Grounded-decision trace proxy,risk_difference,17,44,0.38636363636363635,2,44,0.045454545454545456,0.3409090909090909,,,44,1,,,,,,,,,analysis/results/station_effects.csv,row=106,44,44
AGG-0fc2767c0a6e,station,unrestricted,station,ST13,duration_min,Median observed trajectory minutes,median_ratio,,,7.505883333333333,,,4.745516666666667,1.5816788477545471,,,44,1,,,,,,,,,analysis/results/station_effects.csv,row=107,44,44
AGG-2cd37a7c0453,station,unrestricted,station,ST13,completed_substantive_actions,Median completed substantive actions,median_ratio,,,9.0,,,6.5,1.3846153846153846,,,44,1,,,,,,,,,analysis/results/station_effects.csv,row=108,44,44
AGG-a56ea4e0cd2a,station,unrestricted,station,ST13,min_per_action,Median minutes per completed substantive action,median_ratio,,,1.1393946969696969,,,0.7184680555555556,1.5858668846294908,,,44,1,,,,,,,,,analysis/results/station_effects.csv,row=109,44,44
AGG-12c54f7cb8d2,station,primary_frontloaded,station,ST00,verification_successful,Completed-successful verification call,risk_difference,31,97,0.31958762886597936,33,97,0.3402061855670103,-0.020618556701030966,,,97,1,,,,,,,,,analysis/results/station_effects.csv,row=110,97,97
AGG-4ef36412fb9e,station,primary_frontloaded,station,ST00,audit_signal,Audit-stage prompt signal,risk_difference,35,97,0.36082474226804123,13,97,0.13402061855670103,0.2268041237113402,,,97,1,,,,,,,,,analysis/results/station_effects.csv,row=111,97,97
AGG-1c335f682a8a,station,primary_frontloaded,station,ST00,remediation_signal,Remediation-stage prompt signal,risk_difference,16,97,0.16494845360824742,7,97,0.07216494845360824,0.09278350515463918,,,97,1,,,,,,,,,analysis/results/station_effects.csv,row=112,97,97
AGG-e7b8bd86a05e,station,primary_frontloaded,station,ST00,packaging_release_signal,Packaging/release-stage prompt signal,risk_difference,6,97,0.061855670103092786,3,97,0.030927835051546393,0.030927835051546393,,,97,1,,,,,,,,,analysis/results/station_effects.csv,row=113,97,97
AGG-d10dd76f6350,station,primary_frontloaded,station,ST00,multistage_signal,At least two distinct stage prompt signals,risk_difference,28,97,0.28865979381443296,1,97,0.010309278350515464,0.2783505154639175,,,97,1,,,,,,,,,analysis/results/station_effects.csv,row=114,97,97
AGG-355888a0eda4,station,primary_frontloaded,station,ST00,grounded_decision_trace,Grounded-decision trace proxy,risk_difference,46,97,0.4742268041237113,12,97,0.12371134020618557,0.35051546391752575,,,97,1,,,,,,,,,analysis/results/station_effects.csv,row=115,97,97
AGG-7c817f1b869f,station,primary_frontloaded,station,ST00,duration_min,Median observed trajectory minutes,median_ratio,,,5.5957,,,3.340933333333333,1.6748912479546634,,,97,1,,,,,,,,,analysis/results/station_effects.csv,row=116,97,97
AGG-313c05ba85cc,station,primary_frontloaded,station,ST00,completed_substantive_actions,Median completed substantive actions,median_ratio,,,7.0,,,4.0,1.75,,,97,1,,,,,,,,,analysis/results/station_effects.csv,row=117,97,97
AGG-4ce965d7b82a,station,primary_frontloaded,station,ST00,min_per_action,Median minutes per completed substantive action,median_ratio,,,0.803380459770115,,,0.6681866666666666,1.2023293786718008,,,97,1,,,,,,,,,analysis/results/station_effects.csv,row=118,97,97
AGG-162d52676079,station,primary_frontloaded,station,ST01,verification_successful,Completed-successful verification call,risk_difference,109,217,0.5023041474654378,89,217,0.41013824884792627,0.09216589861751157,,,217,1,,,,,,,,,analysis/results/station_effects.csv,row=119,217,217
AGG-bc3f57b0201a,station,primary_frontloaded,station,ST01,audit_signal,Audit-stage prompt signal,risk_difference,128,217,0.5898617511520737,28,217,0.12903225806451613,0.4608294930875576,,,217,1,,,,,,,,,analysis/results/station_effects.csv,row=120,217,217
AGG-f15da40d068b,station,primary_frontloaded,station,ST01,remediation_signal,Remediation-stage prompt signal,risk_difference,88,217,0.4055299539170507,20,217,0.09216589861751152,0.3133640552995392,,,217,1,,,,,,,,,analysis/results/station_effects.csv,row=121,217,217
AGG-76e2a0c3e687,station,primary_frontloaded,station,ST01,packaging_release_signal,Packaging/release-stage prompt signal,risk_difference,49,217,0.22580645161290322,2,217,0.009216589861751152,0.21658986175115208,,,217,1,,,,,,,,,analysis/results/station_effects.csv,row=122,217,217
AGG-7245a9f66d66,station,primary_frontloaded,station,ST01,multistage_signal,At least two distinct stage prompt signals,risk_difference,147,217,0.6774193548387096,9,217,0.041474654377880185,0.6359447004608294,,,217,1,,,,,,,,,analysis/results/station_effects.csv,row=123,217,217
AGG-609eb4f62da3,station,primary_frontloaded,station,ST01,grounded_decision_trace,Grounded-decision trace proxy,risk_difference,159,217,0.7327188940092166,18,217,0.08294930875576037,0.6497695852534563,,,217,1,,,,,,,,,analysis/results/station_effects.csv,row=124,217,217
AGG-09c4e9716f35,station,primary_frontloaded,station,ST01,duration_min,Median observed trajectory minutes,median_ratio,,,7.624266666666667,,,5.0653999999999995,1.5051657651254922,,,217,1,,,,,,,,,analysis/results/station_effects.csv,row=125,217,217
AGG-442364cb1a37,station,primary_frontloaded,station,ST01,completed_substantive_actions,Median completed substantive actions,median_ratio,,,10.0,,,7.0,1.4285714285714286,,,217,1,,,,,,,,,analysis/results/station_effects.csv,row=126,217,217
AGG-1bc8f28518cf,station,primary_frontloaded,station,ST01,min_per_action,Median minutes per completed substantive action,median_ratio,,,0.722075,,,0.7170722222222223,1.0069766721157793,,,217,1,,,,,,,,,analysis/results/station_effects.csv,row=127,217,217
AGG-2435c7deed53,station,primary_frontloaded,station,ST02,verification_successful,Completed-successful verification call,risk_difference,23,36,0.6388888888888888,15,36,0.4166666666666667,0.22222222222222215,,,36,1,,,,,,,,,analysis/results/station_effects.csv,row=128,36,36
AGG-cbe75cdb0769,station,primary_frontloaded,station,ST02,audit_signal,Audit-stage prompt signal,risk_difference,16,36,0.4444444444444444,7,36,0.19444444444444445,0.24999999999999997,,,36,1,,,,,,,,,analysis/results/station_effects.csv,row=129,36,36
AGG-45485d538474,station,primary_frontloaded,station,ST02,remediation_signal,Remediation-stage prompt signal,risk_difference,8,36,0.2222222222222222,3,36,0.08333333333333333,0.1388888888888889,,,36,1,,,,,,,,,analysis/results/station_effects.csv,row=130,36,36
AGG-bb2dd48b5c4d,station,primary_frontloaded,station,ST02,packaging_release_signal,Packaging/release-stage prompt signal,risk_difference,5,36,0.1388888888888889,0,36,0.0,0.1388888888888889,,,36,1,,,,,,,,,analysis/results/station_effects.csv,row=131,36,36
AGG-efc2ae28f0de,station,primary_frontloaded,station,ST02,multistage_signal,At least two distinct stage prompt signals,risk_difference,17,36,0.4722222222222222,1,36,0.027777777777777776,0.4444444444444444,,,36,1,,,,,,,,,analysis/results/station_effects.csv,row=132,36,36
AGG-4e7dcd1aa7b0,station,primary_frontloaded,station,ST02,grounded_decision_trace,Grounded-decision trace proxy,risk_difference,17,36,0.4722222222222222,1,36,0.027777777777777776,0.4444444444444444,,,36,1,,,,,,,,,analysis/results/station_effects.csv,row=133,36,36
AGG-2e9aff902876,station,primary_frontloaded,station,ST02,duration_min,Median observed trajectory minutes,median_ratio,,,9.406233333333335,,,10.080216666666665,0.9331380112530653,,,36,1,,,,,,,,,analysis/results/station_effects.csv,row=134,35,36
AGG-97629e09ef50,station,primary_frontloaded,station,ST02,completed_substantive_actions,Median completed substantive actions,median_ratio,,,11.0,,,10.5,1.0476190476190477,,,36,1,,,,,,,,,analysis/results/station_effects.csv,row=135,36,36
AGG-6f682f902466,station,primary_frontloaded,station,ST02,min_per_action,Median minutes per completed substantive action,median_ratio,,,0.8713301369863014,,,0.6857277777777777,1.2706647815989034,,,36,1,,,,,,,,,analysis/results/station_effects.csv,row=136,35,36
AGG-cfefd104fccf,station,primary_frontloaded,station,ST04,verification_successful,Completed-successful verification call,risk_difference,1,3,0.3333333333333333,0,3,0.0,0.3333333333333333,,,3,1,,,,,,,,,analysis/results/station_effects.csv,row=137,3,3
AGG-4a911de8e375,station,primary_frontloaded,station,ST04,audit_signal,Audit-stage prompt signal,risk_difference,1,3,0.3333333333333333,0,3,0.0,0.3333333333333333,,,3,1,,,,,,,,,analysis/results/station_effects.csv,row=138,3,3
AGG-cbfea126fc63,station,primary_frontloaded,station,ST04,remediation_signal,Remediation-stage prompt signal,risk_difference,0,3,0.0,0,3,0.0,0.0,,,3,1,,,,,,,,,analysis/results/station_effects.csv,row=139,3,3
AGG-c1b4dabfaba5,station,primary_frontloaded,station,ST04,packaging_release_signal,Packaging/release-stage prompt signal,risk_difference,0,3,0.0,0,3,0.0,0.0,,,3,1,,,,,,,,,analysis/results/station_effects.csv,row=140,3,3
AGG-1258e1911ba9,station,primary_frontloaded,station,ST04,multistage_signal,At least two distinct stage prompt signals,risk_difference,1,3,0.3333333333333333,0,3,0.0,0.3333333333333333,,,3,1,,,,,,,,,analysis/results/station_effects.csv,row=141,3,3
AGG-66dc7784eb2a,station,primary_frontloaded,station,ST04,grounded_decision_trace,Grounded-decision trace proxy,risk_difference,1,3,0.3333333333333333,0,3,0.0,0.3333333333333333,,,3,1,,,,,,,,,analysis/results/station_effects.csv,row=142,3,3
AGG-caa901f150d4,station,primary_frontloaded,station,ST04,duration_min,Median observed trajectory minutes,median_ratio,,,8.576066666666666,,,0.6782333333333334,12.64471420848282,,,3,1,,,,,,,,,analysis/results/station_effects.csv,row=143,3,3
AGG-7a7edc430a36,station,primary_frontloaded,station,ST04,completed_substantive_actions,Median completed substantive actions,median_ratio,,,5.0,,,3.0,1.6666666666666667,,,3,1,,,,,,,,,analysis/results/station_effects.csv,row=144,3,3
AGG-16326275e2ef,station,primary_frontloaded,station,ST04,min_per_action,Median minutes per completed substantive action,median_ratio,,,1.4589333333333334,,,0.42995,3.3932627824940886,,,3,1,,,,,,,,,analysis/results/station_effects.csv,row=145,3,3
AGG-1768e0af5ba3,station,primary_frontloaded,station,ST05,verification_successful,Completed-successful verification call,risk_difference,3,6,0.5,1,6,0.16666666666666666,0.33333333333333337,,,6,1,,,,,,,,,analysis/results/station_effects.csv,row=146,6,6
AGG-c02850f28bbb,station,primary_frontloaded,station,ST05,audit_signal,Audit-stage prompt signal,risk_difference,5,6,0.8333333333333334,0,6,0.0,0.8333333333333334,,,6,1,,,,,,,,,analysis/results/station_effects.csv,row=147,6,6
AGG-8b8b492a6bea,station,primary_frontloaded,station,ST05,remediation_signal,Remediation-stage prompt signal,risk_difference,2,6,0.3333333333333333,0,6,0.0,0.3333333333333333,,,6,1,,,,,,,,,analysis/results/station_effects.csv,row=148,6,6
AGG-3694e9a23518,station,primary_frontloaded,station,ST05,packaging_release_signal,Packaging/release-stage prompt signal,risk_difference,3,6,0.5,0,6,0.0,0.5,,,6,1,,,,,,,,,analysis/results/station_effects.csv,row=149,6,6
AGG-699c788cc21f,station,primary_frontloaded,station,ST05,multistage_signal,At least two distinct stage prompt signals,risk_difference,4,6,0.6666666666666666,0,6,0.0,0.6666666666666666,,,6,1,,,,,,,,,analysis/results/station_effects.csv,row=150,6,6
AGG-c0df73607e17,station,primary_frontloaded,station,ST05,grounded_decision_trace,Grounded-decision trace proxy,risk_difference,5,6,0.8333333333333334,0,6,0.0,0.8333333333333334,,,6,1,,,,,,,,,analysis/results/station_effects.csv,row=151,6,6
AGG-88724d235eb9,station,primary_frontloaded,station,ST05,duration_min,Median observed trajectory minutes,median_ratio,,,8.487033333333333,,,3.1662,2.680510812119681,,,6,1,,,,,,,,,analysis/results/station_effects.csv,row=152,6,6
AGG-ecdc62401692,station,primary_frontloaded,station,ST05,completed_substantive_actions,Median completed substantive actions,median_ratio,,,12.0,,,10.5,1.1428571428571428,,,6,1,,,,,,,,,analysis/results/station_effects.csv,row=153,6,6
AGG-37091189d5fb,station,primary_frontloaded,station,ST05,min_per_action,Median minutes per completed substantive action,median_ratio,,,0.6908015151515151,,,0.5119202777777778,1.3494318258894773,,,6,1,,,,,,,,,analysis/results/station_effects.csv,row=154,6,6
AGG-3ecc34b3fa7c,station,primary_frontloaded,station,ST06,verification_successful,Completed-successful verification call,risk_difference,0,1,0.0,1,1,1.0,-1.0,,,1,1,,,,,,,,,analysis/results/station_effects.csv,row=155,1,1
AGG-1ada5bd66ab6,station,primary_frontloaded,station,ST06,audit_signal,Audit-stage prompt signal,risk_difference,0,1,0.0,0,1,0.0,0.0,,,1,1,,,,,,,,,analysis/results/station_effects.csv,row=156,1,1
AGG-ced517e38a67,station,primary_frontloaded,station,ST06,remediation_signal,Remediation-stage prompt signal,risk_difference,0,1,0.0,0,1,0.0,0.0,,,1,1,,,,,,,,,analysis/results/station_effects.csv,row=157,1,1
AGG-99f1a1f792e3,station,primary_frontloaded,station,ST06,packaging_release_signal,Packaging/release-stage prompt signal,risk_difference,0,1,0.0,0,1,0.0,0.0,,,1,1,,,,,,,,,analysis/results/station_effects.csv,row=158,1,1
AGG-1d2b3e29c3ea,station,primary_frontloaded,station,ST06,multistage_signal,At least two distinct stage prompt signals,risk_difference,0,1,0.0,0,1,0.0,0.0,,,1,1,,,,,,,,,analysis/results/station_effects.csv,row=159,1,1
AGG-bb4571aa2afa,station,primary_frontloaded,station,ST06,grounded_decision_trace,Grounded-decision trace proxy,risk_difference,0,1,0.0,0,1,0.0,0.0,,,1,1,,,,,,,,,analysis/results/station_effects.csv,row=160,1,1
AGG-4f9f4a8ad190,station,primary_frontloaded,station,ST06,duration_min,Median observed trajectory minutes,median_ratio,,,15.271916666666668,,,5.460316666666667,2.7968921216412967,,,1,1,,,,,,,,,analysis/results/station_effects.csv,row=161,1,1
AGG-1987fed8794d,station,primary_frontloaded,station,ST06,completed_substantive_actions,Median completed substantive actions,median_ratio,,,11.0,,,4.0,2.75,,,1,1,,,,,,,,,analysis/results/station_effects.csv,row=162,1,1
AGG-ed91b657f413,station,primary_frontloaded,station,ST06,min_per_action,Median minutes per completed substantive action,median_ratio,,,1.3883560606060608,,,1.3650791666666668,1.0170516805968353,,,1,1,,,,,,,,,analysis/results/station_effects.csv,row=163,1,1
AGG-875780ba768d,station,primary_frontloaded,station,ST07,verification_successful,Completed-successful verification call,risk_difference,2,2,1.0,0,2,0.0,1.0,,,2,1,,,,,,,,,analysis/results/station_effects.csv,row=164,2,2
AGG-ae2ad8bdd32f,station,primary_frontloaded,station,ST07,audit_signal,Audit-stage prompt signal,risk_difference,1,2,0.5,0,2,0.0,0.5,,,2,1,,,,,,,,,analysis/results/station_effects.csv,row=165,2,2
AGG-4a2a667d5334,station,primary_frontloaded,station,ST07,remediation_signal,Remediation-stage prompt signal,risk_difference,0,2,0.0,0,2,0.0,0.0,,,2,1,,,,,,,,,analysis/results/station_effects.csv,row=166,2,2
AGG-dd294b8e9103,station,primary_frontloaded,station,ST07,packaging_release_signal,Packaging/release-stage prompt signal,risk_difference,0,2,0.0,0,2,0.0,0.0,,,2,1,,,,,,,,,analysis/results/station_effects.csv,row=167,2,2
AGG-66f1e1fcd950,station,primary_frontloaded,station,ST07,multistage_signal,At least two distinct stage prompt signals,risk_difference,0,2,0.0,0,2,0.0,0.0,,,2,1,,,,,,,,,analysis/results/station_effects.csv,row=168,2,2
AGG-157d47c56e45,station,primary_frontloaded,station,ST07,grounded_decision_trace,Grounded-decision trace proxy,risk_difference,2,2,1.0,0,2,0.0,1.0,,,2,1,,,,,,,,,analysis/results/station_effects.csv,row=169,2,2
AGG-45fcd35a60c6,station,primary_frontloaded,station,ST07,duration_min,Median observed trajectory minutes,median_ratio,,,10.057316666666667,,,3.8087166666666663,2.640605103206242,,,2,1,,,,,,,,,analysis/results/station_effects.csv,row=170,2,2
AGG-a9ab27f0aaac,station,primary_frontloaded,station,ST07,completed_substantive_actions,Median completed substantive actions,median_ratio,,,7.0,,,2.0,3.5,,,2,1,,,,,,,,,analysis/results/station_effects.csv,row=171,2,2
AGG-d83ac5b7ef77,station,primary_frontloaded,station,ST07,min_per_action,Median minutes per completed substantive action,median_ratio,,,1.4367595238095239,,,1.9043583333333332,0.7544586009160692,,,2,1,,,,,,,,,analysis/results/station_effects.csv,row=172,2,2
AGG-c470f333adca,station,primary_frontloaded,station,ST08,verification_successful,Completed-successful verification call,risk_difference,17,29,0.5862068965517241,13,29,0.4482758620689655,0.13793103448275856,,,29,1,,,,,,,,,analysis/results/station_effects.csv,row=173,29,29
AGG-8c72ecbb1d23,station,primary_frontloaded,station,ST08,audit_signal,Audit-stage prompt signal,risk_difference,10,29,0.3448275862068966,1,29,0.034482758620689655,0.3103448275862069,,,29,1,,,,,,,,,analysis/results/station_effects.csv,row=174,29,29
AGG-b6988c1d5eec,station,primary_frontloaded,station,ST08,remediation_signal,Remediation-stage prompt signal,risk_difference,11,29,0.3793103448275862,2,29,0.06896551724137931,0.31034482758620685,,,29,1,,,,,,,,,analysis/results/station_effects.csv,row=175,29,29
AGG-b4dc17b983bc,station,primary_frontloaded,station,ST08,packaging_release_signal,Packaging/release-stage prompt signal,risk_difference,7,29,0.2413793103448276,1,29,0.034482758620689655,0.20689655172413796,,,29,1,,,,,,,,,analysis/results/station_effects.csv,row=176,29,29
AGG-80a24da6bb7a,station,primary_frontloaded,station,ST08,multistage_signal,At least two distinct stage prompt signals,risk_difference,19,29,0.6551724137931034,1,29,0.034482758620689655,0.6206896551724138,,,29,1,,,,,,,,,analysis/results/station_effects.csv,row=177,29,29
AGG-efb2934c178c,station,primary_frontloaded,station,ST08,grounded_decision_trace,Grounded-decision trace proxy,risk_difference,18,29,0.6206896551724138,0,29,0.0,0.6206896551724138,,,29,1,,,,,,,,,analysis/results/station_effects.csv,row=178,29,29
AGG-f1c26628d29f,station,primary_frontloaded,station,ST08,duration_min,Median observed trajectory minutes,median_ratio,,,6.363133333333334,,,6.941683333333333,0.9166556622913272,,,29,1,,,,,,,,,analysis/results/station_effects.csv,row=179,29,29
AGG-32649d0650a7,station,primary_frontloaded,station,ST08,completed_substantive_actions,Median completed substantive actions,median_ratio,,,10.0,,,6.0,1.6666666666666667,,,29,1,,,,,,,,,analysis/results/station_effects.csv,row=180,29,29
AGG-6a95f430f3d9,station,primary_frontloaded,station,ST08,min_per_action,Median minutes per completed substantive action,median_ratio,,,0.8269496913580248,,,0.7002666666666666,1.1809068326704468,,,29,1,,,,,,,,,analysis/results/station_effects.csv,row=181,29,29
AGG-8eaee95fd86d,station,primary_frontloaded,station,ST09,verification_successful,Completed-successful verification call,risk_difference,0,3,0.0,0,3,0.0,0.0,,,3,1,,,,,,,,,analysis/results/station_effects.csv,row=182,3,3
AGG-dc5dd26a95ee,station,primary_frontloaded,station,ST09,audit_signal,Audit-stage prompt signal,risk_difference,1,3,0.3333333333333333,0,3,0.0,0.3333333333333333,,,3,1,,,,,,,,,analysis/results/station_effects.csv,row=183,3,3
AGG-fa8b991ba259,station,primary_frontloaded,station,ST09,remediation_signal,Remediation-stage prompt signal,risk_difference,1,3,0.3333333333333333,1,3,0.3333333333333333,0.0,,,3,1,,,,,,,,,analysis/results/station_effects.csv,row=184,3,3
AGG-aa3818a76c8a,station,primary_frontloaded,station,ST09,packaging_release_signal,Packaging/release-stage prompt signal,risk_difference,1,3,0.3333333333333333,0,3,0.0,0.3333333333333333,,,3,1,,,,,,,,,analysis/results/station_effects.csv,row=185,3,3
AGG-e52f8f7b4134,station,primary_frontloaded,station,ST09,multistage_signal,At least two distinct stage prompt signals,risk_difference,1,3,0.3333333333333333,0,3,0.0,0.3333333333333333,,,3,1,,,,,,,,,analysis/results/station_effects.csv,row=186,3,3
AGG-33033f4189fd,station,primary_frontloaded,station,ST09,grounded_decision_trace,Grounded-decision trace proxy,risk_difference,2,3,0.6666666666666666,0,3,0.0,0.6666666666666666,,,3,1,,,,,,,,,analysis/results/station_effects.csv,row=187,3,3
AGG-e49f0b6b0057,station,primary_frontloaded,station,ST09,duration_min,Median observed trajectory minutes,median_ratio,,,40.06418333333333,,,6.75825,5.928189003563546,,,3,1,,,,,,,,,analysis/results/station_effects.csv,row=188,3,3
AGG-654e204e7755,station,primary_frontloaded,station,ST09,completed_substantive_actions,Median completed substantive actions,median_ratio,,,8.0,,,4.0,2.0,,,3,1,,,,,,,,,analysis/results/station_effects.csv,row=189,3,3
AGG-fc7ab0a0386b,station,primary_frontloaded,station,ST09,min_per_action,Median minutes per completed substantive action,median_ratio,,,5.0080229166666665,,,1.3262166666666666,3.776172508262853,,,3,1,,,,,,,,,analysis/results/station_effects.csv,row=190,3,3
AGG-e7172f972d31,station,primary_frontloaded,station,ST10,verification_successful,Completed-successful verification call,risk_difference,10,22,0.45454545454545453,8,22,0.36363636363636365,0.09090909090909088,,,22,1,,,,,,,,,analysis/results/station_effects.csv,row=191,22,22
AGG-2b3a5e59a6fc,station,primary_frontloaded,station,ST10,audit_signal,Audit-stage prompt signal,risk_difference,5,22,0.22727272727272727,1,22,0.045454545454545456,0.18181818181818182,,,22,1,,,,,,,,,analysis/results/station_effects.csv,row=192,22,22
AGG-39ed7beafb67,station,primary_frontloaded,station,ST10,remediation_signal,Remediation-stage prompt signal,risk_difference,6,22,0.2727272727272727,1,22,0.045454545454545456,0.22727272727272724,,,22,1,,,,,,,,,analysis/results/station_effects.csv,row=193,22,22
AGG-96f6f520d8bf,station,primary_frontloaded,station,ST10,packaging_release_signal,Packaging/release-stage prompt signal,risk_difference,3,22,0.13636363636363635,0,22,0.0,0.13636363636363635,,,22,1,,,,,,,,,analysis/results/station_effects.csv,row=194,22,22
AGG-20ee44eea081,station,primary_frontloaded,station,ST10,multistage_signal,At least two distinct stage prompt signals,risk_difference,12,22,0.5454545454545454,0,22,0.0,0.5454545454545454,,,22,1,,,,,,,,,analysis/results/station_effects.csv,row=195,22,22
AGG-8f35853d87f7,station,primary_frontloaded,station,ST10,grounded_decision_trace,Grounded-decision trace proxy,risk_difference,13,22,0.5909090909090909,2,22,0.09090909090909091,0.5,,,22,1,,,,,,,,,analysis/results/station_effects.csv,row=196,22,22
AGG-68f7402018eb,station,primary_frontloaded,station,ST10,duration_min,Median observed trajectory minutes,median_ratio,,,5.069283333333333,,,4.533183333333334,1.1182612659977718,,,22,1,,,,,,,,,analysis/results/station_effects.csv,row=197,22,22
AGG-8cdc260ffdd5,station,primary_frontloaded,station,ST10,completed_substantive_actions,Median completed substantive actions,median_ratio,,,6.5,,,4.5,1.4444444444444444,,,22,1,,,,,,,,,analysis/results/station_effects.csv,row=198,22,22
AGG-e89285a32047,station,primary_frontloaded,station,ST10,min_per_action,Median minutes per completed substantive action,median_ratio,,,0.7385152777777778,,,0.8212277777777779,0.8992819017595605,,,22,1,,,,,,,,,analysis/results/station_effects.csv,row=199,22,22
AGG-0f313ce3cd7c,station,primary_frontloaded,station,ST11,verification_successful,Completed-successful verification call,risk_difference,1,3,0.3333333333333333,1,3,0.3333333333333333,0.0,,,3,1,,,,,,,,,analysis/results/station_effects.csv,row=200,3,3
AGG-a05e78d73e74,station,primary_frontloaded,station,ST11,audit_signal,Audit-stage prompt signal,risk_difference,1,3,0.3333333333333333,0,3,0.0,0.3333333333333333,,,3,1,,,,,,,,,analysis/results/station_effects.csv,row=201,3,3
AGG-4bbf53a73426,station,primary_frontloaded,station,ST11,remediation_signal,Remediation-stage prompt signal,risk_difference,0,3,0.0,0,3,0.0,0.0,,,3,1,,,,,,,,,analysis/results/station_effects.csv,row=202,3,3
AGG-186b0fb69e15,station,primary_frontloaded,station,ST11,packaging_release_signal,Packaging/release-stage prompt signal,risk_difference,0,3,0.0,0,3,0.0,0.0,,,3,1,,,,,,,,,analysis/results/station_effects.csv,row=203,3,3
AGG-fa494de389eb,station,primary_frontloaded,station,ST11,multistage_signal,At least two distinct stage prompt signals,risk_difference,0,3,0.0,0,3,0.0,0.0,,,3,1,,,,,,,,,analysis/results/station_effects.csv,row=204,3,3
AGG-4487e57c5191,station,primary_frontloaded,station,ST11,grounded_decision_trace,Grounded-decision trace proxy,risk_difference,1,3,0.3333333333333333,0,3,0.0,0.3333333333333333,,,3,1,,,,,,,,,analysis/results/station_effects.csv,row=205,3,3
AGG-2968e83b7939,station,primary_frontloaded,station,ST11,duration_min,Median observed trajectory minutes,median_ratio,,,15.254633333333334,,,2.8064999999999998,5.435465288912644,,,3,1,,,,,,,,,analysis/results/station_effects.csv,row=206,3,3
AGG-5af7b3270b5a,station,primary_frontloaded,station,ST11,completed_substantive_actions,Median completed substantive actions,median_ratio,,,9.0,,,2.0,4.5,,,3,1,,,,,,,,,analysis/results/station_effects.csv,row=207,3,3
AGG-569f26e81179,station,primary_frontloaded,station,ST11,min_per_action,Median minutes per completed substantive action,median_ratio,,,1.6949592592592593,,,1.4032499999999999,1.207881175313921,,,3,1,,,,,,,,,analysis/results/station_effects.csv,row=208,3,3
AGG-563c71f527c7,station,primary_frontloaded,station,ST13,verification_successful,Completed-successful verification call,risk_difference,3,10,0.3,4,10,0.4,-0.10000000000000003,,,10,1,,,,,,,,,analysis/results/station_effects.csv,row=209,10,10
AGG-e750d717d875,station,primary_frontloaded,station,ST13,audit_signal,Audit-stage prompt signal,risk_difference,3,10,0.3,2,10,0.2,0.09999999999999998,,,10,1,,,,,,,,,analysis/results/station_effects.csv,row=210,10,10
AGG-7aaa904e1bb1,station,primary_frontloaded,station,ST13,remediation_signal,Remediation-stage prompt signal,risk_difference,3,10,0.3,0,10,0.0,0.3,,,10,1,,,,,,,,,analysis/results/station_effects.csv,row=211,10,10
AGG-796e6d41e4e2,station,primary_frontloaded,station,ST13,packaging_release_signal,Packaging/release-stage prompt signal,risk_difference,2,10,0.2,0,10,0.0,0.2,,,10,1,,,,,,,,,analysis/results/station_effects.csv,row=212,10,10
AGG-d6128f18ccf4,station,primary_frontloaded,station,ST13,multistage_signal,At least two distinct stage prompt signals,risk_difference,5,10,0.5,0,10,0.0,0.5,,,10,1,,,,,,,,,analysis/results/station_effects.csv,row=213,10,10
AGG-e3b89eb2c342,station,primary_frontloaded,station,ST13,grounded_decision_trace,Grounded-decision trace proxy,risk_difference,3,10,0.3,0,10,0.0,0.3,,,10,1,,,,,,,,,analysis/results/station_effects.csv,row=214,10,10
AGG-5885b4366d7f,station,primary_frontloaded,station,ST13,duration_min,Median observed trajectory minutes,median_ratio,,,10.415883333333333,,,5.92265,1.7586525175948828,,,10,1,,,,,,,,,analysis/results/station_effects.csv,row=215,10,10
AGG-1e0714eef069,station,primary_frontloaded,station,ST13,completed_substantive_actions,Median completed substantive actions,median_ratio,,,11.0,,,7.0,1.5714285714285714,,,10,1,,,,,,,,,analysis/results/station_effects.csv,row=216,10,10
AGG-c6f737166844,station,primary_frontloaded,station,ST13,min_per_action,Median minutes per completed substantive action,median_ratio,,,0.8749456250000001,,,0.7896270833333332,1.1080491582260616,,,10,1,,,,,,,,,analysis/results/station_effects.csv,row=217,10,10
AGG-b6e9a918f7b9,equal_station,unrestricted,overall,all,verification_successful,Completed-successful verification call,equal_station_mean_risk_difference,,,,,,,0.08773971648225677,-0.00022326127909521261,0.17087137801904306,,12,9,1,2,0.0654296875,,,,,analysis/results/equal_station_summary.csv,row=2,,
AGG-1a4dab8d9b50,equal_station,unrestricted,overall,all,audit_signal,Audit-stage prompt signal,equal_station_mean_risk_difference,,,,,,,0.16617093305681854,0.08531803596187269,0.24288093084864606,,12,11,0,1,0.00634765625,,,,,analysis/results/equal_station_summary.csv,row=3,,
AGG-a9b912b50ca9,equal_station,unrestricted,overall,all,remediation_signal,Remediation-stage prompt signal,equal_station_mean_risk_difference,,,,,,,0.04192856697767346,-0.022227494788165176,0.10188680953395524,,12,6,4,2,0.2890625,,,,,analysis/results/equal_station_summary.csv,row=4,,
AGG-03775e969335,equal_station,unrestricted,overall,all,packaging_release_signal,Packaging/release-stage prompt signal,equal_station_mean_risk_difference,,,,,,,0.06995395384014659,0.029645578482751633,0.11564563104298203,,12,7,5,0,0.015625,,,,,analysis/results/equal_station_summary.csv,row=5,,
AGG-9f7d655703fa,equal_station,unrestricted,overall,all,multistage_signal,At least two distinct stage prompt signals,equal_station_mean_risk_difference,,,,,,,0.14115014157632547,0.07770739261556715,0.20270138572149776,,12,8,4,0,0.0078125,,,,,analysis/results/equal_station_summary.csv,row=6,,
AGG-7e32dfd31b25,equal_station,unrestricted,overall,all,grounded_decision_trace,Grounded-decision trace proxy,equal_station_mean_risk_difference,,,,,,,0.2881128622802011,0.17966674004627795,0.38608511582159943,,12,11,0,1,0.00634765625,,,,,analysis/results/equal_station_summary.csv,row=7,,
AGG-f8d8b4ac965d,equal_station,unrestricted,overall,all,duration_min,Median observed trajectory minutes,equal_station_geometric_mean_median_ratio,,,,,,,2.0488082617351706,1.3795979208468812,3.0476360314389077,,12,11,0,1,0.00634765625,,,,,analysis/results/equal_station_summary.csv,row=8,,
AGG-634ca90f093f,equal_station,unrestricted,overall,all,completed_substantive_actions,Median completed substantive actions,equal_station_geometric_mean_median_ratio,,,,,,,1.7857394156372492,1.3381179466252238,2.4472842049081196,,12,10,0,2,0.03857421875,,,,,analysis/results/equal_station_summary.csv,row=9,,
AGG-f3ffb9ec11e2,equal_station,unrestricted,overall,all,min_per_action,Median minutes per completed substantive action,equal_station_geometric_mean_median_ratio,,,,,,,1.4306467681924062,1.1348129480537488,1.8564818953310274,,12,10,0,2,0.03857421875,,,,,analysis/results/equal_station_summary.csv,row=10,,
AGG-5b4fc1208cf7,equal_station,primary_frontloaded,overall,all,verification_successful,Completed-successful verification call,equal_station_mean_risk_difference,,,,,,,0.09077302968310157,-0.16382735737823864,0.32648003620612087,,12,7,2,3,0.34375,,,,,analysis/results/equal_station_summary.csv,row=11,,
AGG-7ad18b6e0b96,equal_station,primary_frontloaded,overall,all,audit_signal,Audit-stage prompt signal,equal_station_mean_risk_difference,,,,,,,0.32192749662805165,0.21408059442631075,0.4442759814765365,,12,11,1,0,0.0009765625,,,,,analysis/results/equal_station_summary.csv,row=12,,
AGG-cc76b2aad6e6,equal_station,primary_frontloaded,overall,all,remediation_signal,Remediation-stage prompt signal,equal_station_mean_risk_difference,,,,,,,0.14299894479461123,0.06546552312681346,0.22127939883980385,,12,7,5,0,0.015625,,,,,analysis/results/equal_station_summary.csv,row=13,,
AGG-466f517037c7,equal_station,primary_frontloaded,overall,all,packaging_release_signal,Packaging/release-stage prompt signal,equal_station_mean_risk_difference,,,,,,,0.1469166755927246,0.06771028534829665,0.23728164225753193,,12,8,4,0,0.0078125,,,,,analysis/results/equal_station_summary.csv,row=14,,
AGG-31fb687c182d,equal_station,primary_frontloaded,overall,all,multistage_signal,At least two distinct stage prompt signals,equal_station_mean_risk_difference,,,,,,,0.36318476619412365,0.22302043422733075,0.4951440888037106,,12,9,3,0,0.00390625,,,,,analysis/results/equal_station_summary.csv,row=15,,
AGG-73dbab350f2d,equal_station,primary_frontloaded,overall,all,grounded_decision_trace,Grounded-decision trace proxy,equal_station_mean_risk_difference,,,,,,,0.5026738179545422,0.3597651775486827,0.6476267412693985,,12,11,1,0,0.0009765625,,,,,analysis/results/equal_station_summary.csv,row=16,,
AGG-443b79e9285c,equal_station,primary_frontloaded,overall,all,duration_min,Median observed trajectory minutes,equal_station_geometric_mean_median_ratio,,,,,,,2.3869458928954694,1.5782781468740799,3.764130871684714,,12,10,0,2,0.03857421875,,,,,analysis/results/equal_station_summary.csv,row=17,,
AGG-1fa6b869c7bf,equal_station,primary_frontloaded,overall,all,completed_substantive_actions,Median completed substantive actions,equal_station_geometric_mean_median_ratio,,,,,,,1.8526325836594904,1.4823659375853395,2.3692288275051365,,12,12,0,0,0.00048828125,,,,,analysis/results/equal_station_summary.csv,row=18,,
AGG-df31e9badc4f,equal_station,primary_frontloaded,overall,all,min_per_action,Median minutes per completed substantive action,equal_station_geometric_mean_median_ratio,,,,,,,1.3239775101009286,1.0434259194291566,1.7673831907875412,,12,10,0,2,0.03857421875,,,,,analysis/results/equal_station_summary.csv,row=19,,
AGG-19a07cf97e90,minimum_station_size,unrestricted_min20,overall,all,verification_successful,Completed-successful verification call,equal_station_mean_risk_difference,,,,,,,0.0444253019103825,0.0026761106513873375,0.08558856856384522,,6,5,0,1,0.21875,,,,,analysis/results/minimum_station_size_summary.csv,row=2,,
AGG-d65116192263,minimum_station_size,unrestricted_min20,overall,all,audit_signal,Audit-stage prompt signal,equal_station_mean_risk_difference,,,,,,,0.12949286326463427,0.10761299825094357,0.15352142819354872,,6,6,0,0,0.03125,,,,,analysis/results/minimum_station_size_summary.csv,row=3,,
AGG-957f08f6f0df,minimum_station_size,unrestricted_min20,overall,all,remediation_signal,Remediation-stage prompt signal,equal_station_mean_risk_difference,,,,,,,0.07922750432571729,0.03810549996841881,0.11341099398576843,,6,5,0,1,0.21875,,,,,analysis/results/minimum_station_size_summary.csv,row=4,,
AGG-97ecd7b451e2,minimum_station_size,unrestricted_min20,overall,all,packaging_release_signal,Packaging/release-stage prompt signal,equal_station_mean_risk_difference,,,,,,,0.0681130358854214,0.03797005679878034,0.0933260423190851,,6,5,1,0,0.0625,,,,,analysis/results/minimum_station_size_summary.csv,row=5,,
AGG-191b7dd7ca0a,minimum_station_size,unrestricted_min20,overall,all,multistage_signal,At least two distinct stage prompt signals,equal_station_mean_risk_difference,,,,,,,0.223325924178292,0.16642374216248837,0.26493312556810805,,6,6,0,0,0.03125,,,,,analysis/results/minimum_station_size_summary.csv,row=6,,
AGG-a9192c6368b3,minimum_station_size,unrestricted_min20,overall,all,grounded_decision_trace,Grounded-decision trace proxy,equal_station_mean_risk_difference,,,,,,,0.2727356960703737,0.22771853095516933,0.3099954948546498,,6,6,0,0,0.03125,,,,,analysis/results/minimum_station_size_summary.csv,row=7,,
AGG-d45c48700b50,minimum_station_size,unrestricted_min20,overall,all,duration_min,Median observed trajectory minutes,equal_station_geometric_mean_median_ratio,,,,,,,1.556909136858215,1.3095595830933744,1.791797380468653,,6,6,0,0,0.03125,,,,,analysis/results/minimum_station_size_summary.csv,row=8,,
AGG-aa08f927298d,minimum_station_size,unrestricted_min20,overall,all,completed_substantive_actions,Median completed substantive actions,equal_station_geometric_mean_median_ratio,,,,,,,1.5605092231913724,1.414157769353318,1.7495791587943101,,6,6,0,0,0.03125,,,,,analysis/results/minimum_station_size_summary.csv,row=9,,
AGG-058f24d9447c,minimum_station_size,unrestricted_min20,overall,all,min_per_action,Median minutes per completed substantive action,equal_station_geometric_mean_median_ratio,,,,,,,1.1545575628520688,0.9285322191264779,1.3782409165024614,,6,5,0,1,0.21875,,,,,analysis/results/minimum_station_size_summary.csv,row=10,,
AGG-64ba48edacdd,minimum_station_size,primary_frontloaded_min20,overall,all,verification_successful,Completed-successful verification call,equal_station_mean_risk_difference,,,,,,,0.10452193790611045,0.03339689105775131,0.171647509578544,,5,4,0,1,0.375,,,,,analysis/results/minimum_station_size_summary.csv,row=11,,
AGG-e5487a4d2739,minimum_station_size,primary_frontloaded_min20,overall,all,audit_signal,Audit-stage prompt signal,equal_station_mean_risk_difference,,,,,,,0.2859593252406573,0.21344892221180883,0.37649769585253456,,5,5,0,0,0.0625,,,,,analysis/results/minimum_station_size_summary.csv,row=12,,
AGG-c13ea8e99fbb,minimum_station_size,primary_frontloaded_min20,overall,all,remediation_signal,Remediation-stage prompt signal,equal_station_mean_risk_difference,,,,,,,0.21653080084040027,0.13812350307195667,0.29493809860884385,,5,5,0,0,0.0625,,,,,analysis/results/minimum_station_size_summary.csv,row=13,,
AGG-28d3a36554c2,minimum_station_size,primary_frontloaded_min20,overall,all,packaging_release_signal,Packaging/release-stage prompt signal,equal_station_mean_risk_difference,,,,,,,0.14593335475587232,0.08720873864848269,0.1986059546682461,,5,5,0,0,0.0625,,,,,analysis/results/minimum_station_size_summary.csv,row=14,,
AGG-b283407e3585,minimum_station_size,primary_frontloaded_min20,overall,all,multistage_signal,At least two distinct stage prompt signals,equal_station_mean_risk_difference,,,,,,,0.5049767721992301,0.3800371292017221,0.6117446513442063,,5,5,0,0,0.0625,,,,,analysis/results/minimum_station_size_summary.csv,row=15,,
AGG-2c9d5396064d,minimum_station_size,primary_frontloaded_min20,overall,all,grounded_decision_trace,Grounded-decision trace proxy,equal_station_mean_risk_difference,,,,,,,0.513083829757568,0.41798396334478805,0.6081836961703481,,5,5,0,0,0.0625,,,,,analysis/results/minimum_station_size_summary.csv,row=16,,
AGG-539120eb9499,minimum_station_size,primary_frontloaded_min20,overall,all,duration_min,Median observed trajectory minutes,equal_station_geometric_mean_median_ratio,,,,,,,1.1924859385564075,0.9606595377091942,1.480256696400201,,5,3,0,2,1.0,,,,,analysis/results/minimum_station_size_summary.csv,row=17,,
AGG-ce9a381c0317,minimum_station_size,primary_frontloaded_min20,overall,all,completed_substantive_actions,Median completed substantive actions,equal_station_geometric_mean_median_ratio,,,,,,,1.4452354222698005,1.2231287473594563,1.6640752875580325,,5,5,0,0,0.0625,,,,,analysis/results/minimum_station_size_summary.csv,row=18,,
AGG-cfaedf41bb81,minimum_station_size,primary_frontloaded_min20,overall,all,min_per_action,Median minutes per completed substantive action,equal_station_geometric_mean_median_ratio,,,,,,,1.1031563521969705,0.9748686078191928,1.2247992391946596,,5,4,0,1,0.375,,,,,analysis/results/minimum_station_size_summary.csv,row=19,,
AGG-49ccfe69417a,archive_batch,unrestricted,archive_batch,initial_capture_ST00_ST02,verification_successful,Completed-successful verification call,risk_difference,418,1020,0.40980392156862744,374,1020,0.36666666666666664,0.0431372549019608,,,1020,3,,,,,,,,,analysis/results/archive_group_summary.csv,row=2,1020,1020
AGG-efd281f0949a,archive_batch,unrestricted,archive_batch,initial_capture_ST00_ST02,audit_signal,Audit-stage prompt signal,risk_difference,304,1020,0.2980392156862745,163,1020,0.15980392156862744,0.13823529411764707,,,1020,3,,,,,,,,,analysis/results/archive_group_summary.csv,row=3,1020,1020
AGG-b3139a1ecefc,archive_batch,unrestricted,archive_batch,initial_capture_ST00_ST02,remediation_signal,Remediation-stage prompt signal,risk_difference,164,1020,0.1607843137254902,96,1020,0.09411764705882353,0.06666666666666668,,,1020,3,,,,,,,,,analysis/results/archive_group_summary.csv,row=4,1020,1020
AGG-deaeb51059b1,archive_batch,unrestricted,archive_batch,initial_capture_ST00_ST02,packaging_release_signal,Packaging/release-stage prompt signal,risk_difference,62,1020,0.060784313725490195,11,1020,0.010784313725490196,0.05,,,1020,3,,,,,,,,,analysis/results/archive_group_summary.csv,row=5,1020,1020
AGG-16b30886f2ed,archive_batch,unrestricted,archive_batch,initial_capture_ST00_ST02,multistage_signal,At least two distinct stage prompt signals,risk_difference,236,1020,0.23137254901960785,43,1020,0.04215686274509804,0.1892156862745098,,,1020,3,,,,,,,,,analysis/results/archive_group_summary.csv,row=6,1020,1020
AGG-f9aeb3973c49,archive_batch,unrestricted,archive_batch,initial_capture_ST00_ST02,grounded_decision_trace,Grounded-decision trace proxy,risk_difference,380,1020,0.37254901960784315,131,1020,0.1284313725490196,0.24411764705882355,,,1020,3,,,,,,,,,analysis/results/archive_group_summary.csv,row=7,1020,1020
AGG-23151424920b,archive_batch,unrestricted,archive_batch,initial_capture_ST00_ST02,duration_min,Median observed trajectory minutes,ratio_of_condition_medians,,,6.750891666666666,,,4.21495,1.6016540330648446,,,1020,3,,,,,,,,,analysis/results/archive_group_summary.csv,row=8,1018,1019
AGG-1dcb55666fdd,archive_batch,unrestricted,archive_batch,initial_capture_ST00_ST02,completed_substantive_actions,Median completed substantive actions,ratio_of_condition_medians,,,9.0,,,6.0,1.5,,,1020,3,,,,,,,,,analysis/results/archive_group_summary.csv,row=9,1020,1020
AGG-4872a13cf6cc,archive_batch,unrestricted,archive_batch,initial_capture_ST00_ST02,min_per_action,Median minutes per completed substantive action,ratio_of_condition_medians,,,0.7731654351395731,,,0.63181,1.2237309240746002,,,1020,3,,,,,,,,,analysis/results/archive_group_summary.csv,row=10,1018,1019
AGG-6086c3c6b608,archive_batch,unrestricted,archive_batch,subsequent_capture_ST04_ST13,verification_successful,Completed-successful verification call,risk_difference,96,207,0.463768115942029,83,207,0.40096618357487923,0.06280193236714976,,,207,9,,,,,,,,,analysis/results/archive_group_summary.csv,row=11,207,207
AGG-0478130174b2,archive_batch,unrestricted,archive_batch,subsequent_capture_ST04_ST13,audit_signal,Audit-stage prompt signal,risk_difference,44,207,0.21256038647342995,14,207,0.06763285024154589,0.14492753623188406,,,207,9,,,,,,,,,analysis/results/archive_group_summary.csv,row=12,207,207
AGG-9d530589c007,archive_batch,unrestricted,archive_batch,subsequent_capture_ST04_ST13,remediation_signal,Remediation-stage prompt signal,risk_difference,29,207,0.14009661835748793,17,207,0.0821256038647343,0.05797101449275363,,,207,9,,,,,,,,,analysis/results/archive_group_summary.csv,row=13,207,207
AGG-cef117e6dbbc,archive_batch,unrestricted,archive_batch,subsequent_capture_ST04_ST13,packaging_release_signal,Packaging/release-stage prompt signal,risk_difference,20,207,0.0966183574879227,2,207,0.00966183574879227,0.08695652173913043,,,207,9,,,,,,,,,analysis/results/archive_group_summary.csv,row=14,207,207
AGG-f2192e18e660,archive_batch,unrestricted,archive_batch,subsequent_capture_ST04_ST13,multistage_signal,At least two distinct stage prompt signals,risk_difference,54,207,0.2608695652173913,9,207,0.043478260869565216,0.21739130434782608,,,207,9,,,,,,,,,analysis/results/archive_group_summary.csv,row=15,207,207
AGG-25ccd1bdae2e,archive_batch,unrestricted,archive_batch,subsequent_capture_ST04_ST13,grounded_decision_trace,Grounded-decision trace proxy,risk_difference,70,207,0.33816425120772947,8,207,0.03864734299516908,0.2995169082125604,,,207,9,,,,,,,,,analysis/results/archive_group_summary.csv,row=16,207,207
AGG-89f9f4ecfeb3,archive_batch,unrestricted,archive_batch,subsequent_capture_ST04_ST13,duration_min,Median observed trajectory minutes,ratio_of_condition_medians,,,6.746016666666667,,,4.261866666666666,1.5828783944437494,,,207,9,,,,,,,,,analysis/results/archive_group_summary.csv,row=17,207,207
AGG-d82308228c84,archive_batch,unrestricted,archive_batch,subsequent_capture_ST04_ST13,completed_substantive_actions,Median completed substantive actions,ratio_of_condition_medians,,,7.0,,,5.0,1.4,,,207,9,,,,,,,,,analysis/results/archive_group_summary.csv,row=18,207,207
AGG-9b11ca4a96ea,archive_batch,unrestricted,archive_batch,subsequent_capture_ST04_ST13,min_per_action,Median minutes per completed substantive action,ratio_of_condition_medians,,,0.9131666666666667,,,0.7265666666666667,1.2568243336238931,,,207,9,,,,,,,,,analysis/results/archive_group_summary.csv,row=19,207,207
AGG-2002d9c5ce99,archive_batch,primary_frontloaded,archive_batch,initial_capture_ST00_ST02,verification_successful,Completed-successful verification call,risk_difference,163,350,0.4657142857142857,137,350,0.3914285714285714,0.07428571428571429,,,350,3,,,,,,,,,analysis/results/archive_group_summary.csv,row=20,350,350
AGG-b2b8e3e3c821,archive_batch,primary_frontloaded,archive_batch,initial_capture_ST00_ST02,audit_signal,Audit-stage prompt signal,risk_difference,179,350,0.5114285714285715,48,350,0.13714285714285715,0.37428571428571433,,,350,3,,,,,,,,,analysis/results/archive_group_summary.csv,row=21,350,350
AGG-679f25f00b12,archive_batch,primary_frontloaded,archive_batch,initial_capture_ST00_ST02,remediation_signal,Remediation-stage prompt signal,risk_difference,112,350,0.32,30,350,0.08571428571428572,0.2342857142857143,,,350,3,,,,,,,,,analysis/results/archive_group_summary.csv,row=22,350,350
AGG-8fd148b46f81,archive_batch,primary_frontloaded,archive_batch,initial_capture_ST00_ST02,packaging_release_signal,Packaging/release-stage prompt signal,risk_difference,60,350,0.17142857142857143,5,350,0.014285714285714285,0.15714285714285714,,,350,3,,,,,,,,,analysis/results/archive_group_summary.csv,row=23,350,350
AGG-be30b6691f60,archive_batch,primary_frontloaded,archive_batch,initial_capture_ST00_ST02,multistage_signal,At least two distinct stage prompt signals,risk_difference,192,350,0.5485714285714286,11,350,0.03142857142857143,0.5171428571428571,,,350,3,,,,,,,,,analysis/results/archive_group_summary.csv,row=24,350,350
AGG-2b6c388b7434,archive_batch,primary_frontloaded,archive_batch,initial_capture_ST00_ST02,grounded_decision_trace,Grounded-decision trace proxy,risk_difference,222,350,0.6342857142857142,31,350,0.08857142857142856,0.5457142857142857,,,350,3,,,,,,,,,analysis/results/archive_group_summary.csv,row=25,350,350
AGG-bfba5029d8ec,archive_batch,primary_frontloaded,archive_batch,initial_capture_ST00_ST02,duration_min,Median observed trajectory minutes,ratio_of_condition_medians,,,7.108966666666666,,,4.464341666666667,1.5923885753965217,,,350,3,,,,,,,,,analysis/results/archive_group_summary.csv,row=26,349,350
AGG-4848643a6bab,archive_batch,primary_frontloaded,archive_batch,initial_capture_ST00_ST02,completed_substantive_actions,Median completed substantive actions,ratio_of_condition_medians,,,9.0,,,6.0,1.5,,,350,3,,,,,,,,,analysis/results/archive_group_summary.csv,row=27,350,350
AGG-d6cd78651671,archive_batch,primary_frontloaded,archive_batch,initial_capture_ST00_ST02,min_per_action,Median minutes per completed substantive action,ratio_of_condition_medians,,,0.7807206666666666,,,0.6956333333333333,1.1223163544012649,,,350,3,,,,,,,,,analysis/results/archive_group_summary.csv,row=28,349,350
AGG-8d5d4965d936,archive_batch,primary_frontloaded,archive_batch,subsequent_capture_ST04_ST13,verification_successful,Completed-successful verification call,risk_difference,37,79,0.46835443037974683,28,79,0.35443037974683544,0.11392405063291139,,,79,9,,,,,,,,,analysis/results/archive_group_summary.csv,row=29,79,79
AGG-0ba6e23424a6,archive_batch,primary_frontloaded,archive_batch,subsequent_capture_ST04_ST13,audit_signal,Audit-stage prompt signal,risk_difference,27,79,0.34177215189873417,4,79,0.05063291139240506,0.2911392405063291,,,79,9,,,,,,,,,analysis/results/archive_group_summary.csv,row=30,79,79
AGG-8d2d40aa6f28,archive_batch,primary_frontloaded,archive_batch,subsequent_capture_ST04_ST13,remediation_signal,Remediation-stage prompt signal,risk_difference,23,79,0.2911392405063291,4,79,0.05063291139240506,0.24050632911392406,,,79,9,,,,,,,,,analysis/results/archive_group_summary.csv,row=31,79,79
AGG-51782374b657,archive_batch,primary_frontloaded,archive_batch,subsequent_capture_ST04_ST13,packaging_release_signal,Packaging/release-stage prompt signal,risk_difference,16,79,0.20253164556962025,1,79,0.012658227848101266,0.18987341772151897,,,79,9,,,,,,,,,analysis/results/archive_group_summary.csv,row=32,79,79
AGG-eb0009c8133e,archive_batch,primary_frontloaded,archive_batch,subsequent_capture_ST04_ST13,multistage_signal,At least two distinct stage prompt signals,risk_difference,42,79,0.5316455696202531,1,79,0.012658227848101266,0.5189873417721519,,,79,9,,,,,,,,,analysis/results/archive_group_summary.csv,row=33,79,79
AGG-9065c1262cf5,archive_batch,primary_frontloaded,archive_batch,subsequent_capture_ST04_ST13,grounded_decision_trace,Grounded-decision trace proxy,risk_difference,45,79,0.569620253164557,2,79,0.02531645569620253,0.5443037974683544,,,79,9,,,,,,,,,analysis/results/archive_group_summary.csv,row=34,79,79
AGG-dcd798342639,archive_batch,primary_frontloaded,archive_batch,subsequent_capture_ST04_ST13,duration_min,Median observed trajectory minutes,ratio_of_condition_medians,,,7.3733,,,4.341833333333333,1.698199685232813,,,79,9,,,,,,,,,analysis/results/archive_group_summary.csv,row=35,79,79
AGG-3870b0b8e31b,archive_batch,primary_frontloaded,archive_batch,subsequent_capture_ST04_ST13,completed_substantive_actions,Median completed substantive actions,ratio_of_condition_medians,,,8.0,,,5.0,1.6,,,79,9,,,,,,,,,analysis/results/archive_group_summary.csv,row=36,79,79
AGG-64fda5b46c57,archive_batch,primary_frontloaded,archive_batch,subsequent_capture_ST04_ST13,min_per_action,Median minutes per completed substantive action,ratio_of_condition_medians,,,0.9131666666666667,,,0.7339633333333333,1.2441584275327107,,,79,9,,,,,,,,,analysis/results/archive_group_summary.csv,row=37,79,79
AGG-76215a4e36b0,action_count_bin,primary_frontloaded,archive_batch|action_bin,all|1-2,verification_successful,Completed-successful verification call,risk_difference,8,57,0.14035087719298245,18,127,0.14173228346456693,-0.0013814062715844788,,,,,,,,,,,,,analysis/results/action_count_verification_strata.csv,row=2,,
AGG-b837609ef6a7,action_count_bin,primary_frontloaded,archive_batch|action_bin,all|3-5,verification_successful,Completed-successful verification call,risk_difference,23,77,0.2987012987012987,27,87,0.3103448275862069,-0.011643528884908216,,,,,,,,,,,,,analysis/results/action_count_verification_strata.csv,row=3,,
AGG-d7627364d7b2,action_count_bin,primary_frontloaded,archive_batch|action_bin,all|6-10,verification_successful,Completed-successful verification call,risk_difference,45,103,0.4368932038834951,28,77,0.36363636363636365,0.07325684024713147,,,,,,,,,,,,,analysis/results/action_count_verification_strata.csv,row=4,,
AGG-7ea11f2a0b03,action_count_bin,primary_frontloaded,archive_batch|action_bin,all|11+,verification_successful,Completed-successful verification call,risk_difference,124,192,0.6458333333333334,92,138,0.6666666666666666,-0.02083333333333326,,,,,,,,,,,,,analysis/results/action_count_verification_strata.csv,row=5,,
AGG-22983b5185f3,action_count_bin,unrestricted,archive_batch|action_bin,all|1-2,verification_successful,Completed-successful verification call,risk_difference,35,214,0.16355140186915887,63,364,0.17307692307692307,-0.009525521207764204,,,,,,,,,,,,,analysis/results/action_count_verification_strata.csv,row=6,,
AGG-3ba23f26c8e1,action_count_bin,unrestricted,archive_batch|action_bin,all|3-5,verification_successful,Completed-successful verification call,risk_difference,53,214,0.24766355140186916,69,249,0.27710843373493976,-0.029444882333070604,,,,,,,,,,,,,analysis/results/action_count_verification_strata.csv,row=7,,
AGG-fd4c69e4b8c1,action_count_bin,unrestricted,archive_batch|action_bin,all|6-10,verification_successful,Completed-successful verification call,risk_difference,111,264,0.42045454545454547,79,226,0.3495575221238938,0.07089702333065168,,,,,,,,,,,,,analysis/results/action_count_verification_strata.csv,row=8,,
AGG-9c84187afcfb,action_count_bin,unrestricted,archive_batch|action_bin,all|11+,verification_successful,Completed-successful verification call,risk_difference,315,535,0.5887850467289719,246,388,0.634020618556701,-0.04523557182772908,,,,,,,,,,,,,analysis/results/action_count_verification_strata.csv,row=9,,
AGG-7838d389e9b0,action_count_bin,primary_frontloaded,archive_batch|action_bin,subsequent_capture_ST04_ST13|1-2,verification_successful,Completed-successful verification call,risk_difference,3,9,0.3333333333333333,4,28,0.14285714285714285,0.19047619047619047,,,,,,,,,,,,,analysis/results/action_count_verification_strata.csv,row=10,,
AGG-3f11148e5ac5,action_count_bin,primary_frontloaded,archive_batch|action_bin,subsequent_capture_ST04_ST13|3-5,verification_successful,Completed-successful verification call,risk_difference,5,16,0.3125,3,13,0.23076923076923078,0.08173076923076922,,,,,,,,,,,,,analysis/results/action_count_verification_strata.csv,row=11,,
AGG-cc59fa3ddf62,action_count_bin,primary_frontloaded,archive_batch|action_bin,subsequent_capture_ST04_ST13|6+,verification_successful,Completed-successful verification call,risk_difference,29,54,0.5370370370370371,21,38,0.5526315789473685,-0.015594541910331383,,,,,,,,,,,,,analysis/results/action_count_verification_strata.csv,row=12,,
AGG-9d00e27870d5,action_count_standardized,primary_frontloaded,archive_batch,all,verification_successful,Comparator-standardized verification gap,comparator_weighted_risk_difference,,,,,,,0.0036768090665521905,,,429,,,,,,,,,,analysis/results/action_count_verification_summary.json,primary_frontloaded|all,,
AGG-1872dc78ef36,action_count_standardized,unrestricted,archive_batch,all,verification_successful,Comparator-standardized verification gap,comparator_weighted_risk_difference,,,,,,,-0.010047057878559378,,,1227,,,,,,,,,,analysis/results/action_count_verification_summary.json,unrestricted|all,,
AGG-597a6965cb97,action_count_standardized,primary_frontloaded,archive_batch,subsequent_capture_ST04_ST13,verification_successful,Comparator-standardized verification gap,comparator_weighted_risk_difference,,,,,,,0.07345874355368026,,,79,,,,,,,,,,analysis/results/action_count_verification_summary.json,primary_frontloaded|subsequent_capture_ST04_ST13,,
AGG-8f3386f9c266,linkage_window,three_station_linkage_pilot,window,5,candidate_positive_rate,Automated candidate-positive linkage rate,proportion,,,,,,,0.726171875,,,,,,,,,5,1859,2560,701,analysis/results/inheritance_window_sensitivity.csv,row=2,,
AGG-5e0693a76b0f,linkage_window,three_station_linkage_pilot,window,10,candidate_positive_rate,Automated candidate-positive linkage rate,proportion,,,,,,,0.821484375,,,,,,,,,10,2103,2560,457,analysis/results/inheritance_window_sensitivity.csv,row=3,,
AGG-8715baa5319f,linkage_window,three_station_linkage_pilot,window,20,candidate_positive_rate,Automated candidate-positive linkage rate,proportion,,,,,,,0.88125,,,,,,,,,20,2256,2560,304,analysis/results/inheritance_window_sensitivity.csv,row=4,,
AGG-801b413cebfa,linkage_window,three_station_linkage_pilot,window,50,candidate_positive_rate,Automated candidate-positive linkage rate,proportion,,,,,,,0.901953125,,,,,,,,,50,2309,2560,251,analysis/results/inheritance_window_sensitivity.csv,row=5,,
AGG-b9be3c217291,linkage_window,three_station_linkage_pilot,window,106,candidate_positive_rate,Automated candidate-positive linkage rate,proportion,,,,,,,0.907421875,,,,,,,,,106,2323,2560,237,analysis/results/inheritance_window_sensitivity.csv,row=6,,
AGG-a12892a5f395,linkage_tier,three_station_linkage_pilot,linkage_tier,CLEAN_ORIGIN_CANDIDATE,row_count,Automated linkage row count,count,,,,,,,338,,,,,,,,,,,,,analysis/results/inheritance_pilot_summary.json,tier_counts.CLEAN_ORIGIN_CANDIDATE,,
AGG-9a8fd0bf6aed,linkage_tier,three_station_linkage_pilot,linkage_tier,HIGH_CONFIDENCE_CANDIDATE,row_count,Automated linkage row count,count,,,,,,,1106,,,,,,,,,,,,,analysis/results/inheritance_pilot_summary.json,tier_counts.HIGH_CONFIDENCE_CANDIDATE,,
AGG-40a668fc8fe6,linkage_tier,three_station_linkage_pilot,linkage_tier,PROBABLE_CANDIDATE,row_count,Automated linkage row count,count,,,,,,,1150,,,,,,,,,,,,,analysis/results/inheritance_pilot_summary.json,tier_counts.PROBABLE_CANDIDATE,,
AGG-0a9b7b3f1adb,linkage_tier,three_station_linkage_pilot,linkage_tier,UNRESOLVED,row_count,Automated linkage row count,count,,,,,,,304,,,,,,,,,,,,,analysis/results/inheritance_pilot_summary.json,tier_counts.UNRESOLVED,,
AGG-75dad021ec8b,linkage_class,three_station_linkage_pilot,linkage_class,CLEAN_ORIGIN_CANDIDATE,row_count,Automated linkage row count,count,,,,,,,338,,,,,,,,,,,,,analysis/results/inheritance_pilot_summary.json,class_counts.CLEAN_ORIGIN_CANDIDATE,,
AGG-70da550a1857,linkage_class,three_station_linkage_pilot,linkage_class,CONTEXT_REFERENCE_WITHIN_20,row_count,Automated linkage row count,count,,,,,,,909,,,,,,,,,,,,,analysis/results/inheritance_pilot_summary.json,class_counts.CONTEXT_REFERENCE_WITHIN_20,,
AGG-03e2db7ddd7d,linkage_class,three_station_linkage_pilot,linkage_class,EXACT_PROMPT_ANCHOR,row_count,Automated linkage row count,count,,,,,,,38,,,,,,,,,,,,,analysis/results/inheritance_pilot_summary.json,class_counts.EXACT_PROMPT_ANCHOR,,
AGG-83d115eeaa39,linkage_class,three_station_linkage_pilot,linkage_class,EXACT_SUCCESSFUL_TOOL_TARGET,row_count,Automated linkage row count,count,,,,,,,884,,,,,,,,,,,,,analysis/results/inheritance_pilot_summary.json,class_counts.EXACT_SUCCESSFUL_TOOL_TARGET,,
AGG-cf44eafdd7fa,linkage_class,three_station_linkage_pilot,linkage_class,IMMEDIATE_ADJACENCY,row_count,Automated linkage row count,count,,,,,,,137,,,,,,,,,,,,,analysis/results/inheritance_pilot_summary.json,class_counts.IMMEDIATE_ADJACENCY,,
AGG-0cc8ecf2bee2,linkage_class,three_station_linkage_pilot,linkage_class,IMMEDIATE_SHORT_REFERENCE,row_count,Automated linkage row count,count,,,,,,,184,,,,,,,,,,,,,analysis/results/inheritance_pilot_summary.json,class_counts.IMMEDIATE_SHORT_REFERENCE,,
AGG-e433705473d2,linkage_class,three_station_linkage_pilot,linkage_class,NEAR_SEQUENCE,row_count,Automated linkage row count,count,,,,,,,104,,,,,,,,,,,,,analysis/results/inheritance_pilot_summary.json,class_counts.NEAR_SEQUENCE,,
AGG-0f8c3933c89f,linkage_class,three_station_linkage_pilot,linkage_class,UNRESOLVED_PRIOR_CE_SESSION,row_count,Automated linkage row count,count,,,,,,,304,,,,,,,,,,,,,analysis/results/inheritance_pilot_summary.json,class_counts.UNRESOLVED_PRIOR_CE_SESSION,,
