analysis_set,archive_batch,action_bin,ce_k,ce_n,ce_rate,comparison_k,comparison_n,comparison_rate,gap,comparison_weight
primary_frontloaded,all,1-2,8,57,0.14035087719298245,18,127,0.14173228346456693,-0.0013814062715844788,0.29603729603729606
primary_frontloaded,all,3-5,23,77,0.2987012987012987,27,87,0.3103448275862069,-0.011643528884908216,0.20279720279720279
primary_frontloaded,all,6-10,45,103,0.4368932038834951,28,77,0.36363636363636365,0.07325684024713147,0.1794871794871795
primary_frontloaded,all,11+,124,192,0.6458333333333334,92,138,0.6666666666666666,-0.02083333333333326,0.32167832167832167
unrestricted,all,1-2,35,214,0.16355140186915887,63,364,0.17307692307692307,-0.009525521207764204,0.29665851670741644
unrestricted,all,3-5,53,214,0.24766355140186916,69,249,0.27710843373493976,-0.029444882333070604,0.20293398533007334
unrestricted,all,6-10,111,264,0.42045454545454547,79,226,0.3495575221238938,0.07089702333065168,0.18418907905460472
unrestricted,all,11+,315,535,0.5887850467289719,246,388,0.634020618556701,-0.04523557182772908,0.3162184189079055
primary_frontloaded,subsequent_capture_ST04_ST13,1-2,3,9,0.3333333333333333,4,28,0.14285714285714285,0.19047619047619047,0.35443037974683544
primary_frontloaded,subsequent_capture_ST04_ST13,3-5,5,16,0.3125,3,13,0.23076923076923078,0.08173076923076922,0.16455696202531644
primary_frontloaded,subsequent_capture_ST04_ST13,6+,29,54,0.5370370370370371,21,38,0.5526315789473685,-0.015594541910331383,0.4810126582278481
