analysis_set,archive_group,rows_per_condition,contributing_stations,metric,metric_label,effect_scale,ce_value,comparison_value,effect,ce_observed,comparison_observed
unrestricted,initial_capture_ST00_ST02,1020,3,verification_successful,Completed-successful verification call,risk_difference,0.40980392156862744,0.36666666666666664,0.0431372549019608,1020,1020
unrestricted,initial_capture_ST00_ST02,1020,3,audit_signal,Audit-stage prompt signal,risk_difference,0.2980392156862745,0.15980392156862744,0.13823529411764707,1020,1020
unrestricted,initial_capture_ST00_ST02,1020,3,remediation_signal,Remediation-stage prompt signal,risk_difference,0.1607843137254902,0.09411764705882353,0.06666666666666668,1020,1020
unrestricted,initial_capture_ST00_ST02,1020,3,packaging_release_signal,Packaging/release-stage prompt signal,risk_difference,0.060784313725490195,0.010784313725490196,0.05,1020,1020
unrestricted,initial_capture_ST00_ST02,1020,3,multistage_signal,At least two distinct stage prompt signals,risk_difference,0.23137254901960785,0.04215686274509804,0.1892156862745098,1020,1020
unrestricted,initial_capture_ST00_ST02,1020,3,grounded_decision_trace,Grounded-decision trace proxy,risk_difference,0.37254901960784315,0.1284313725490196,0.24411764705882355,1020,1020
unrestricted,initial_capture_ST00_ST02,1020,3,duration_min,Median observed trajectory minutes,ratio_of_condition_medians,6.750891666666666,4.21495,1.6016540330648446,1018,1019
unrestricted,initial_capture_ST00_ST02,1020,3,completed_substantive_actions,Median completed substantive actions,ratio_of_condition_medians,9.0,6.0,1.5,1020,1020
unrestricted,initial_capture_ST00_ST02,1020,3,min_per_action,Median minutes per completed substantive action,ratio_of_condition_medians,0.7731654351395731,0.63181,1.2237309240746002,1018,1019
unrestricted,subsequent_capture_ST04_ST13,207,9,verification_successful,Completed-successful verification call,risk_difference,0.463768115942029,0.40096618357487923,0.06280193236714976,207,207
unrestricted,subsequent_capture_ST04_ST13,207,9,audit_signal,Audit-stage prompt signal,risk_difference,0.21256038647342995,0.06763285024154589,0.14492753623188406,207,207
unrestricted,subsequent_capture_ST04_ST13,207,9,remediation_signal,Remediation-stage prompt signal,risk_difference,0.14009661835748793,0.0821256038647343,0.05797101449275363,207,207
unrestricted,subsequent_capture_ST04_ST13,207,9,packaging_release_signal,Packaging/release-stage prompt signal,risk_difference,0.0966183574879227,0.00966183574879227,0.08695652173913043,207,207
unrestricted,subsequent_capture_ST04_ST13,207,9,multistage_signal,At least two distinct stage prompt signals,risk_difference,0.2608695652173913,0.043478260869565216,0.21739130434782608,207,207
unrestricted,subsequent_capture_ST04_ST13,207,9,grounded_decision_trace,Grounded-decision trace proxy,risk_difference,0.33816425120772947,0.03864734299516908,0.2995169082125604,207,207
unrestricted,subsequent_capture_ST04_ST13,207,9,duration_min,Median observed trajectory minutes,ratio_of_condition_medians,6.746016666666667,4.261866666666666,1.5828783944437494,207,207
unrestricted,subsequent_capture_ST04_ST13,207,9,completed_substantive_actions,Median completed substantive actions,ratio_of_condition_medians,7.0,5.0,1.4,207,207
unrestricted,subsequent_capture_ST04_ST13,207,9,min_per_action,Median minutes per completed substantive action,ratio_of_condition_medians,0.9131666666666667,0.7265666666666667,1.2568243336238931,207,207
primary_frontloaded,initial_capture_ST00_ST02,350,3,verification_successful,Completed-successful verification call,risk_difference,0.4657142857142857,0.3914285714285714,0.07428571428571429,350,350
primary_frontloaded,initial_capture_ST00_ST02,350,3,audit_signal,Audit-stage prompt signal,risk_difference,0.5114285714285715,0.13714285714285715,0.37428571428571433,350,350
primary_frontloaded,initial_capture_ST00_ST02,350,3,remediation_signal,Remediation-stage prompt signal,risk_difference,0.32,0.08571428571428572,0.2342857142857143,350,350
primary_frontloaded,initial_capture_ST00_ST02,350,3,packaging_release_signal,Packaging/release-stage prompt signal,risk_difference,0.17142857142857143,0.014285714285714285,0.15714285714285714,350,350
primary_frontloaded,initial_capture_ST00_ST02,350,3,multistage_signal,At least two distinct stage prompt signals,risk_difference,0.5485714285714286,0.03142857142857143,0.5171428571428571,350,350
primary_frontloaded,initial_capture_ST00_ST02,350,3,grounded_decision_trace,Grounded-decision trace proxy,risk_difference,0.6342857142857142,0.08857142857142856,0.5457142857142857,350,350
primary_frontloaded,initial_capture_ST00_ST02,350,3,duration_min,Median observed trajectory minutes,ratio_of_condition_medians,7.108966666666666,4.464341666666667,1.5923885753965217,349,350
primary_frontloaded,initial_capture_ST00_ST02,350,3,completed_substantive_actions,Median completed substantive actions,ratio_of_condition_medians,9.0,6.0,1.5,350,350
primary_frontloaded,initial_capture_ST00_ST02,350,3,min_per_action,Median minutes per completed substantive action,ratio_of_condition_medians,0.7807206666666666,0.6956333333333333,1.1223163544012649,349,350
primary_frontloaded,subsequent_capture_ST04_ST13,79,9,verification_successful,Completed-successful verification call,risk_difference,0.46835443037974683,0.35443037974683544,0.11392405063291139,79,79
primary_frontloaded,subsequent_capture_ST04_ST13,79,9,audit_signal,Audit-stage prompt signal,risk_difference,0.34177215189873417,0.05063291139240506,0.2911392405063291,79,79
primary_frontloaded,subsequent_capture_ST04_ST13,79,9,remediation_signal,Remediation-stage prompt signal,risk_difference,0.2911392405063291,0.05063291139240506,0.24050632911392406,79,79
primary_frontloaded,subsequent_capture_ST04_ST13,79,9,packaging_release_signal,Packaging/release-stage prompt signal,risk_difference,0.20253164556962025,0.012658227848101266,0.18987341772151897,79,79
primary_frontloaded,subsequent_capture_ST04_ST13,79,9,multistage_signal,At least two distinct stage prompt signals,risk_difference,0.5316455696202531,0.012658227848101266,0.5189873417721519,79,79
primary_frontloaded,subsequent_capture_ST04_ST13,79,9,grounded_decision_trace,Grounded-decision trace proxy,risk_difference,0.569620253164557,0.02531645569620253,0.5443037974683544,79,79
primary_frontloaded,subsequent_capture_ST04_ST13,79,9,duration_min,Median observed trajectory minutes,ratio_of_condition_medians,7.3733,4.341833333333333,1.698199685232813,79,79
primary_frontloaded,subsequent_capture_ST04_ST13,79,9,completed_substantive_actions,Median completed substantive actions,ratio_of_condition_medians,8.0,5.0,1.6,79,79
primary_frontloaded,subsequent_capture_ST04_ST13,79,9,min_per_action,Median minutes per completed substantive action,ratio_of_condition_medians,0.9131666666666667,0.7339633333333333,1.2441584275327107,79,79
