analysis_set,station_id,balanced_per_condition,metric,metric_label,effect_scale,ce_value,comparison_value,effect,ce_observed,comparison_observed
unrestricted,ST00,459,verification_successful,Completed-successful verification call,risk_difference,0.39433551198257083,0.355119825708061,0.03921568627450983,459,459
unrestricted,ST00,459,audit_signal,Audit-stage prompt signal,risk_difference,0.24183006535947713,0.14814814814814814,0.09368191721132899,459,459
unrestricted,ST00,459,remediation_signal,Remediation-stage prompt signal,risk_difference,0.08932461873638345,0.09368191721132897,-0.004357298474945523,459,459
unrestricted,ST00,459,packaging_release_signal,Packaging/release-stage prompt signal,risk_difference,0.017429193899782137,0.017429193899782137,0.0,459,459
unrestricted,ST00,459,multistage_signal,At least two distinct stage prompt signals,risk_difference,0.11982570806100218,0.030501089324618737,0.08932461873638345,459,459
unrestricted,ST00,459,grounded_decision_trace,Grounded-decision trace proxy,risk_difference,0.2984749455337691,0.12418300653594772,0.17429193899782136,459,459
unrestricted,ST00,459,duration_min,Median observed trajectory minutes,median_ratio,6.017250000000001,3.6944999999999997,1.6287048315062935,459,459
unrestricted,ST00,459,completed_substantive_actions,Median completed substantive actions,median_ratio,8.0,5.0,1.6,459,459
unrestricted,ST00,459,min_per_action,Median minutes per completed substantive action,median_ratio,0.7243116666666667,0.5839652777777777,1.240333448288164,459,459
unrestricted,ST01,453,verification_successful,Completed-successful verification call,risk_difference,0.40397350993377484,0.37527593818984545,0.028697571743929395,453,453
unrestricted,ST01,453,audit_signal,Audit-stage prompt signal,risk_difference,0.3509933774834437,0.16777041942604856,0.18322295805739516,453,453
unrestricted,ST01,453,remediation_signal,Remediation-stage prompt signal,risk_difference,0.23178807947019867,0.10596026490066225,0.1258278145695364,453,453
unrestricted,ST01,453,packaging_release_signal,Packaging/release-stage prompt signal,risk_difference,0.10154525386313466,0.006622516556291391,0.09492273730684327,453,453
unrestricted,ST01,453,multistage_signal,At least two distinct stage prompt signals,risk_difference,0.3355408388520971,0.05077262693156733,0.2847682119205298,453,453
unrestricted,ST01,453,grounded_decision_trace,Grounded-decision trace proxy,risk_difference,0.445916114790287,0.1390728476821192,0.3068432671081678,453,453
unrestricted,ST01,453,duration_min,Median observed trajectory minutes,median_ratio,6.940650000000001,4.4859333333333336,1.5472031089776932,453,453
unrestricted,ST01,453,completed_substantive_actions,Median completed substantive actions,median_ratio,10.0,6.0,1.6666666666666667,453,453
unrestricted,ST01,453,min_per_action,Median minutes per completed substantive action,median_ratio,0.722075,0.6460583333333333,1.1176622338024174,453,453
unrestricted,ST02,108,verification_successful,Completed-successful verification call,risk_difference,0.5,0.37962962962962965,0.12037037037037035,108,108
unrestricted,ST02,108,audit_signal,Audit-stage prompt signal,risk_difference,0.3148148148148148,0.17592592592592593,0.1388888888888889,108,108
unrestricted,ST02,108,remediation_signal,Remediation-stage prompt signal,risk_difference,0.16666666666666666,0.046296296296296294,0.12037037037037036,108,108
unrestricted,ST02,108,packaging_release_signal,Packaging/release-stage prompt signal,risk_difference,0.07407407407407407,0.0,0.07407407407407407,108,108
unrestricted,ST02,108,multistage_signal,At least two distinct stage prompt signals,risk_difference,0.26851851851851855,0.05555555555555555,0.212962962962963,108,108
unrestricted,ST02,108,grounded_decision_trace,Grounded-decision trace proxy,risk_difference,0.37962962962962965,0.10185185185185185,0.2777777777777778,108,108
unrestricted,ST02,108,duration_min,Median observed trajectory minutes,median_ratio,11.705608333333334,5.8375,2.005243397573162,106,107
unrestricted,ST02,108,completed_substantive_actions,Median completed substantive actions,median_ratio,11.0,7.5,1.4666666666666666,108,108
unrestricted,ST02,108,min_per_action,Median minutes per completed substantive action,median_ratio,1.0058506099849849,0.8046217391304348,1.2500912678198588,106,107
unrestricted,ST04,9,verification_successful,Completed-successful verification call,risk_difference,0.3333333333333333,0.1111111111111111,0.2222222222222222,9,9
unrestricted,ST04,9,audit_signal,Audit-stage prompt signal,risk_difference,0.3333333333333333,0.1111111111111111,0.2222222222222222,9,9
unrestricted,ST04,9,remediation_signal,Remediation-stage prompt signal,risk_difference,0.0,0.2222222222222222,-0.2222222222222222,9,9
unrestricted,ST04,9,packaging_release_signal,Packaging/release-stage prompt signal,risk_difference,0.0,0.0,0.0,9,9
unrestricted,ST04,9,multistage_signal,At least two distinct stage prompt signals,risk_difference,0.1111111111111111,0.1111111111111111,0.0,9,9
unrestricted,ST04,9,grounded_decision_trace,Grounded-decision trace proxy,risk_difference,0.3333333333333333,0.1111111111111111,0.2222222222222222,9,9
unrestricted,ST04,9,duration_min,Median observed trajectory minutes,median_ratio,9.639433333333333,1.4321333333333333,6.730821152592869,9,9
unrestricted,ST04,9,completed_substantive_actions,Median completed substantive actions,median_ratio,6.0,2.0,3.0,9,9
unrestricted,ST04,9,min_per_action,Median minutes per completed substantive action,median_ratio,1.427425,0.5056625,2.8228808741008082,9,9
unrestricted,ST05,13,verification_successful,Completed-successful verification call,risk_difference,0.5384615384615384,0.3076923076923077,0.23076923076923073,13,13
unrestricted,ST05,13,audit_signal,Audit-stage prompt signal,risk_difference,0.5384615384615384,0.07692307692307693,0.4615384615384615,13,13
unrestricted,ST05,13,remediation_signal,Remediation-stage prompt signal,risk_difference,0.23076923076923078,0.23076923076923078,0.0,13,13
unrestricted,ST05,13,packaging_release_signal,Packaging/release-stage prompt signal,risk_difference,0.23076923076923078,0.0,0.23076923076923078,13,13
unrestricted,ST05,13,multistage_signal,At least two distinct stage prompt signals,risk_difference,0.3076923076923077,0.15384615384615385,0.15384615384615385,13,13
unrestricted,ST05,13,grounded_decision_trace,Grounded-decision trace proxy,risk_difference,0.6153846153846154,0.0,0.6153846153846154,13,13
unrestricted,ST05,13,duration_min,Median observed trajectory minutes,median_ratio,9.884116666666667,3.7462666666666666,2.6383911093711077,13,13
unrestricted,ST05,13,completed_substantive_actions,Median completed substantive actions,median_ratio,10.0,11.0,0.9090909090909091,13,13
unrestricted,ST05,13,min_per_action,Median minutes per completed substantive action,median_ratio,0.9778166666666667,0.6492138888888889,1.5061548796193687,13,13
unrestricted,ST06,6,verification_successful,Completed-successful verification call,risk_difference,0.5,0.16666666666666666,0.33333333333333337,6,6
unrestricted,ST06,6,audit_signal,Audit-stage prompt signal,risk_difference,0.0,0.16666666666666666,-0.16666666666666666,6,6
unrestricted,ST06,6,remediation_signal,Remediation-stage prompt signal,risk_difference,0.0,0.0,0.0,6,6
unrestricted,ST06,6,packaging_release_signal,Packaging/release-stage prompt signal,risk_difference,0.0,0.0,0.0,6,6
unrestricted,ST06,6,multistage_signal,At least two distinct stage prompt signals,risk_difference,0.0,0.0,0.0,6,6
unrestricted,ST06,6,grounded_decision_trace,Grounded-decision trace proxy,risk_difference,0.0,0.16666666666666666,-0.16666666666666666,6,6
unrestricted,ST06,6,duration_min,Median observed trajectory minutes,median_ratio,7.067491666666666,13.732516666666665,0.5146537840235645,6,6
unrestricted,ST06,6,completed_substantive_actions,Median completed substantive actions,median_ratio,5.0,6.5,0.7692307692307693,6,6
unrestricted,ST06,6,min_per_action,Median minutes per completed substantive action,median_ratio,1.2791830303030305,1.3328032196969697,0.9597688626486583,6,6
unrestricted,ST07,4,verification_successful,Completed-successful verification call,risk_difference,0.5,0.25,0.25,4,4
unrestricted,ST07,4,audit_signal,Audit-stage prompt signal,risk_difference,0.25,0.0,0.25,4,4
unrestricted,ST07,4,remediation_signal,Remediation-stage prompt signal,risk_difference,0.25,0.0,0.25,4,4
unrestricted,ST07,4,packaging_release_signal,Packaging/release-stage prompt signal,risk_difference,0.0,0.0,0.0,4,4
unrestricted,ST07,4,multistage_signal,At least two distinct stage prompt signals,risk_difference,0.0,0.0,0.0,4,4
unrestricted,ST07,4,grounded_decision_trace,Grounded-decision trace proxy,risk_difference,0.5,0.0,0.5,4,4
unrestricted,ST07,4,duration_min,Median observed trajectory minutes,median_ratio,10.057316666666667,6.3489249999999995,1.5840975703235851,4,4
unrestricted,ST07,4,completed_substantive_actions,Median completed substantive actions,median_ratio,7.0,2.0,3.5,4,4
unrestricted,ST07,4,min_per_action,Median minutes per completed substantive action,median_ratio,2.4559919642857144,1.946785606060606,1.2615626274613294,4,4
unrestricted,ST08,71,verification_successful,Completed-successful verification call,risk_difference,0.6619718309859155,0.5774647887323944,0.08450704225352113,71,71
unrestricted,ST08,71,audit_signal,Audit-stage prompt signal,risk_difference,0.16901408450704225,0.04225352112676056,0.1267605633802817,71,71
unrestricted,ST08,71,remediation_signal,Remediation-stage prompt signal,risk_difference,0.15492957746478872,0.08450704225352113,0.0704225352112676,71,71
unrestricted,ST08,71,packaging_release_signal,Packaging/release-stage prompt signal,risk_difference,0.1267605633802817,0.014084507042253521,0.11267605633802817,71,71
unrestricted,ST08,71,multistage_signal,At least two distinct stage prompt signals,risk_difference,0.29577464788732394,0.028169014084507043,0.2676056338028169,71,71
unrestricted,ST08,71,grounded_decision_trace,Grounded-decision trace proxy,risk_difference,0.30985915492957744,0.028169014084507043,0.2816901408450704,71,71
unrestricted,ST08,71,duration_min,Median observed trajectory minutes,median_ratio,7.3733,4.385166666666667,1.6814184181521037,71,71
unrestricted,ST08,71,completed_substantive_actions,Median completed substantive actions,median_ratio,8.0,6.0,1.3333333333333333,71,71
unrestricted,ST08,71,min_per_action,Median minutes per completed substantive action,median_ratio,0.7334717948717948,0.5916730769230769,1.239657208480948,71,71
unrestricted,ST09,5,verification_successful,Completed-successful verification call,risk_difference,0.0,0.0,0.0,5,5
unrestricted,ST09,5,audit_signal,Audit-stage prompt signal,risk_difference,0.2,0.0,0.2,5,5
unrestricted,ST09,5,remediation_signal,Remediation-stage prompt signal,risk_difference,0.2,0.2,0.0,5,5
unrestricted,ST09,5,packaging_release_signal,Packaging/release-stage prompt signal,risk_difference,0.2,0.0,0.2,5,5
unrestricted,ST09,5,multistage_signal,At least two distinct stage prompt signals,risk_difference,0.2,0.0,0.2,5,5
unrestricted,ST09,5,grounded_decision_trace,Grounded-decision trace proxy,risk_difference,0.4,0.0,0.4,5,5
unrestricted,ST09,5,duration_min,Median observed trajectory minutes,median_ratio,17.2926,4.149966666666667,4.166925035542454,5,5
unrestricted,ST09,5,completed_substantive_actions,Median completed substantive actions,median_ratio,7.0,4.0,1.75,5,5
unrestricted,ST09,5,min_per_action,Median minutes per completed substantive action,median_ratio,5.0080229166666665,1.3262166666666666,3.776172508262853,5,5
unrestricted,ST10,51,verification_successful,Completed-successful verification call,risk_difference,0.49019607843137253,0.45098039215686275,0.039215686274509776,51,51
unrestricted,ST10,51,audit_signal,Audit-stage prompt signal,risk_difference,0.11764705882352941,0.0196078431372549,0.09803921568627451,51,51
unrestricted,ST10,51,remediation_signal,Remediation-stage prompt signal,risk_difference,0.17647058823529413,0.058823529411764705,0.11764705882352942,51,51
unrestricted,ST10,51,packaging_release_signal,Packaging/release-stage prompt signal,risk_difference,0.0784313725490196,0.0196078431372549,0.058823529411764705,51,51
unrestricted,ST10,51,multistage_signal,At least two distinct stage prompt signals,risk_difference,0.2549019607843137,0.0196078431372549,0.23529411764705882,51,51
unrestricted,ST10,51,grounded_decision_trace,Grounded-decision trace proxy,risk_difference,0.29411764705882354,0.0392156862745098,0.2549019607843137,51,51
unrestricted,ST10,51,duration_min,Median observed trajectory minutes,median_ratio,4.386966666666667,4.139383333333333,1.0598116466623453,51,51
unrestricted,ST10,51,completed_substantive_actions,Median completed substantive actions,median_ratio,6.0,3.0,2.0,51,51
unrestricted,ST10,51,min_per_action,Median minutes per completed substantive action,median_ratio,0.6600777777777778,0.949425,0.6952395163154307,51,51
unrestricted,ST11,4,verification_successful,Completed-successful verification call,risk_difference,0.25,0.5,-0.25,4,4
unrestricted,ST11,4,audit_signal,Audit-stage prompt signal,risk_difference,0.25,0.0,0.25,4,4
unrestricted,ST11,4,remediation_signal,Remediation-stage prompt signal,risk_difference,0.0,0.0,0.0,4,4
unrestricted,ST11,4,packaging_release_signal,Packaging/release-stage prompt signal,risk_difference,0.0,0.0,0.0,4,4
unrestricted,ST11,4,multistage_signal,At least two distinct stage prompt signals,risk_difference,0.0,0.0,0.0,4,4
unrestricted,ST11,4,grounded_decision_trace,Grounded-decision trace proxy,risk_difference,0.25,0.0,0.25,4,4
unrestricted,ST11,4,duration_min,Median observed trajectory minutes,median_ratio,10.870283333333333,1.7073583333333333,6.3667263755411625,4,4
unrestricted,ST11,4,completed_substantive_actions,Median completed substantive actions,median_ratio,8.5,1.5,5.666666666666667,4,4
unrestricted,ST11,4,min_per_action,Median minutes per completed substantive action,median_ratio,1.6057903273809524,1.0057333333333334,1.5966362793791784,4,4
unrestricted,ST13,44,verification_successful,Completed-successful verification call,risk_difference,0.18181818181818182,0.22727272727272727,-0.04545454545454544,44,44
unrestricted,ST13,44,audit_signal,Audit-stage prompt signal,risk_difference,0.29545454545454547,0.1590909090909091,0.13636363636363638,44,44
unrestricted,ST13,44,remediation_signal,Remediation-stage prompt signal,risk_difference,0.09090909090909091,0.045454545454545456,0.045454545454545456,44,44
unrestricted,ST13,44,packaging_release_signal,Packaging/release-stage prompt signal,risk_difference,0.06818181818181818,0.0,0.06818181818181818,44,44
unrestricted,ST13,44,multistage_signal,At least two distinct stage prompt signals,risk_difference,0.3181818181818182,0.06818181818181818,0.25,44,44
unrestricted,ST13,44,grounded_decision_trace,Grounded-decision trace proxy,risk_difference,0.38636363636363635,0.045454545454545456,0.3409090909090909,44,44
unrestricted,ST13,44,duration_min,Median observed trajectory minutes,median_ratio,7.505883333333333,4.745516666666667,1.5816788477545471,44,44
unrestricted,ST13,44,completed_substantive_actions,Median completed substantive actions,median_ratio,9.0,6.5,1.3846153846153846,44,44
unrestricted,ST13,44,min_per_action,Median minutes per completed substantive action,median_ratio,1.1393946969696969,0.7184680555555556,1.5858668846294908,44,44
primary_frontloaded,ST00,97,verification_successful,Completed-successful verification call,risk_difference,0.31958762886597936,0.3402061855670103,-0.020618556701030966,97,97
primary_frontloaded,ST00,97,audit_signal,Audit-stage prompt signal,risk_difference,0.36082474226804123,0.13402061855670103,0.2268041237113402,97,97
primary_frontloaded,ST00,97,remediation_signal,Remediation-stage prompt signal,risk_difference,0.16494845360824742,0.07216494845360824,0.09278350515463918,97,97
primary_frontloaded,ST00,97,packaging_release_signal,Packaging/release-stage prompt signal,risk_difference,0.061855670103092786,0.030927835051546393,0.030927835051546393,97,97
primary_frontloaded,ST00,97,multistage_signal,At least two distinct stage prompt signals,risk_difference,0.28865979381443296,0.010309278350515464,0.2783505154639175,97,97
primary_frontloaded,ST00,97,grounded_decision_trace,Grounded-decision trace proxy,risk_difference,0.4742268041237113,0.12371134020618557,0.35051546391752575,97,97
primary_frontloaded,ST00,97,duration_min,Median observed trajectory minutes,median_ratio,5.5957,3.340933333333333,1.6748912479546634,97,97
primary_frontloaded,ST00,97,completed_substantive_actions,Median completed substantive actions,median_ratio,7.0,4.0,1.75,97,97
primary_frontloaded,ST00,97,min_per_action,Median minutes per completed substantive action,median_ratio,0.803380459770115,0.6681866666666666,1.2023293786718008,97,97
primary_frontloaded,ST01,217,verification_successful,Completed-successful verification call,risk_difference,0.5023041474654378,0.41013824884792627,0.09216589861751157,217,217
primary_frontloaded,ST01,217,audit_signal,Audit-stage prompt signal,risk_difference,0.5898617511520737,0.12903225806451613,0.4608294930875576,217,217
primary_frontloaded,ST01,217,remediation_signal,Remediation-stage prompt signal,risk_difference,0.4055299539170507,0.09216589861751152,0.3133640552995392,217,217
primary_frontloaded,ST01,217,packaging_release_signal,Packaging/release-stage prompt signal,risk_difference,0.22580645161290322,0.009216589861751152,0.21658986175115208,217,217
primary_frontloaded,ST01,217,multistage_signal,At least two distinct stage prompt signals,risk_difference,0.6774193548387096,0.041474654377880185,0.6359447004608294,217,217
primary_frontloaded,ST01,217,grounded_decision_trace,Grounded-decision trace proxy,risk_difference,0.7327188940092166,0.08294930875576037,0.6497695852534563,217,217
primary_frontloaded,ST01,217,duration_min,Median observed trajectory minutes,median_ratio,7.624266666666667,5.0653999999999995,1.5051657651254922,217,217
primary_frontloaded,ST01,217,completed_substantive_actions,Median completed substantive actions,median_ratio,10.0,7.0,1.4285714285714286,217,217
primary_frontloaded,ST01,217,min_per_action,Median minutes per completed substantive action,median_ratio,0.722075,0.7170722222222223,1.0069766721157793,217,217
primary_frontloaded,ST02,36,verification_successful,Completed-successful verification call,risk_difference,0.6388888888888888,0.4166666666666667,0.22222222222222215,36,36
primary_frontloaded,ST02,36,audit_signal,Audit-stage prompt signal,risk_difference,0.4444444444444444,0.19444444444444445,0.24999999999999997,36,36
primary_frontloaded,ST02,36,remediation_signal,Remediation-stage prompt signal,risk_difference,0.2222222222222222,0.08333333333333333,0.1388888888888889,36,36
primary_frontloaded,ST02,36,packaging_release_signal,Packaging/release-stage prompt signal,risk_difference,0.1388888888888889,0.0,0.1388888888888889,36,36
primary_frontloaded,ST02,36,multistage_signal,At least two distinct stage prompt signals,risk_difference,0.4722222222222222,0.027777777777777776,0.4444444444444444,36,36
primary_frontloaded,ST02,36,grounded_decision_trace,Grounded-decision trace proxy,risk_difference,0.4722222222222222,0.027777777777777776,0.4444444444444444,36,36
primary_frontloaded,ST02,36,duration_min,Median observed trajectory minutes,median_ratio,9.406233333333335,10.080216666666665,0.9331380112530653,35,36
primary_frontloaded,ST02,36,completed_substantive_actions,Median completed substantive actions,median_ratio,11.0,10.5,1.0476190476190477,36,36
primary_frontloaded,ST02,36,min_per_action,Median minutes per completed substantive action,median_ratio,0.8713301369863014,0.6857277777777777,1.2706647815989034,35,36
primary_frontloaded,ST04,3,verification_successful,Completed-successful verification call,risk_difference,0.3333333333333333,0.0,0.3333333333333333,3,3
primary_frontloaded,ST04,3,audit_signal,Audit-stage prompt signal,risk_difference,0.3333333333333333,0.0,0.3333333333333333,3,3
primary_frontloaded,ST04,3,remediation_signal,Remediation-stage prompt signal,risk_difference,0.0,0.0,0.0,3,3
primary_frontloaded,ST04,3,packaging_release_signal,Packaging/release-stage prompt signal,risk_difference,0.0,0.0,0.0,3,3
primary_frontloaded,ST04,3,multistage_signal,At least two distinct stage prompt signals,risk_difference,0.3333333333333333,0.0,0.3333333333333333,3,3
primary_frontloaded,ST04,3,grounded_decision_trace,Grounded-decision trace proxy,risk_difference,0.3333333333333333,0.0,0.3333333333333333,3,3
primary_frontloaded,ST04,3,duration_min,Median observed trajectory minutes,median_ratio,8.576066666666666,0.6782333333333334,12.64471420848282,3,3
primary_frontloaded,ST04,3,completed_substantive_actions,Median completed substantive actions,median_ratio,5.0,3.0,1.6666666666666667,3,3
primary_frontloaded,ST04,3,min_per_action,Median minutes per completed substantive action,median_ratio,1.4589333333333334,0.42995,3.3932627824940886,3,3
primary_frontloaded,ST05,6,verification_successful,Completed-successful verification call,risk_difference,0.5,0.16666666666666666,0.33333333333333337,6,6
primary_frontloaded,ST05,6,audit_signal,Audit-stage prompt signal,risk_difference,0.8333333333333334,0.0,0.8333333333333334,6,6
primary_frontloaded,ST05,6,remediation_signal,Remediation-stage prompt signal,risk_difference,0.3333333333333333,0.0,0.3333333333333333,6,6
primary_frontloaded,ST05,6,packaging_release_signal,Packaging/release-stage prompt signal,risk_difference,0.5,0.0,0.5,6,6
primary_frontloaded,ST05,6,multistage_signal,At least two distinct stage prompt signals,risk_difference,0.6666666666666666,0.0,0.6666666666666666,6,6
primary_frontloaded,ST05,6,grounded_decision_trace,Grounded-decision trace proxy,risk_difference,0.8333333333333334,0.0,0.8333333333333334,6,6
primary_frontloaded,ST05,6,duration_min,Median observed trajectory minutes,median_ratio,8.487033333333333,3.1662,2.680510812119681,6,6
primary_frontloaded,ST05,6,completed_substantive_actions,Median completed substantive actions,median_ratio,12.0,10.5,1.1428571428571428,6,6
primary_frontloaded,ST05,6,min_per_action,Median minutes per completed substantive action,median_ratio,0.6908015151515151,0.5119202777777778,1.3494318258894773,6,6
primary_frontloaded,ST06,1,verification_successful,Completed-successful verification call,risk_difference,0.0,1.0,-1.0,1,1
primary_frontloaded,ST06,1,audit_signal,Audit-stage prompt signal,risk_difference,0.0,0.0,0.0,1,1
primary_frontloaded,ST06,1,remediation_signal,Remediation-stage prompt signal,risk_difference,0.0,0.0,0.0,1,1
primary_frontloaded,ST06,1,packaging_release_signal,Packaging/release-stage prompt signal,risk_difference,0.0,0.0,0.0,1,1
primary_frontloaded,ST06,1,multistage_signal,At least two distinct stage prompt signals,risk_difference,0.0,0.0,0.0,1,1
primary_frontloaded,ST06,1,grounded_decision_trace,Grounded-decision trace proxy,risk_difference,0.0,0.0,0.0,1,1
primary_frontloaded,ST06,1,duration_min,Median observed trajectory minutes,median_ratio,15.271916666666668,5.460316666666667,2.7968921216412967,1,1
primary_frontloaded,ST06,1,completed_substantive_actions,Median completed substantive actions,median_ratio,11.0,4.0,2.75,1,1
primary_frontloaded,ST06,1,min_per_action,Median minutes per completed substantive action,median_ratio,1.3883560606060608,1.3650791666666668,1.0170516805968353,1,1
primary_frontloaded,ST07,2,verification_successful,Completed-successful verification call,risk_difference,1.0,0.0,1.0,2,2
primary_frontloaded,ST07,2,audit_signal,Audit-stage prompt signal,risk_difference,0.5,0.0,0.5,2,2
primary_frontloaded,ST07,2,remediation_signal,Remediation-stage prompt signal,risk_difference,0.0,0.0,0.0,2,2
primary_frontloaded,ST07,2,packaging_release_signal,Packaging/release-stage prompt signal,risk_difference,0.0,0.0,0.0,2,2
primary_frontloaded,ST07,2,multistage_signal,At least two distinct stage prompt signals,risk_difference,0.0,0.0,0.0,2,2
primary_frontloaded,ST07,2,grounded_decision_trace,Grounded-decision trace proxy,risk_difference,1.0,0.0,1.0,2,2
primary_frontloaded,ST07,2,duration_min,Median observed trajectory minutes,median_ratio,10.057316666666667,3.8087166666666663,2.640605103206242,2,2
primary_frontloaded,ST07,2,completed_substantive_actions,Median completed substantive actions,median_ratio,7.0,2.0,3.5,2,2
primary_frontloaded,ST07,2,min_per_action,Median minutes per completed substantive action,median_ratio,1.4367595238095239,1.9043583333333332,0.7544586009160692,2,2
primary_frontloaded,ST08,29,verification_successful,Completed-successful verification call,risk_difference,0.5862068965517241,0.4482758620689655,0.13793103448275856,29,29
primary_frontloaded,ST08,29,audit_signal,Audit-stage prompt signal,risk_difference,0.3448275862068966,0.034482758620689655,0.3103448275862069,29,29
primary_frontloaded,ST08,29,remediation_signal,Remediation-stage prompt signal,risk_difference,0.3793103448275862,0.06896551724137931,0.31034482758620685,29,29
primary_frontloaded,ST08,29,packaging_release_signal,Packaging/release-stage prompt signal,risk_difference,0.2413793103448276,0.034482758620689655,0.20689655172413796,29,29
primary_frontloaded,ST08,29,multistage_signal,At least two distinct stage prompt signals,risk_difference,0.6551724137931034,0.034482758620689655,0.6206896551724138,29,29
primary_frontloaded,ST08,29,grounded_decision_trace,Grounded-decision trace proxy,risk_difference,0.6206896551724138,0.0,0.6206896551724138,29,29
primary_frontloaded,ST08,29,duration_min,Median observed trajectory minutes,median_ratio,6.363133333333334,6.941683333333333,0.9166556622913272,29,29
primary_frontloaded,ST08,29,completed_substantive_actions,Median completed substantive actions,median_ratio,10.0,6.0,1.6666666666666667,29,29
primary_frontloaded,ST08,29,min_per_action,Median minutes per completed substantive action,median_ratio,0.8269496913580248,0.7002666666666666,1.1809068326704468,29,29
primary_frontloaded,ST09,3,verification_successful,Completed-successful verification call,risk_difference,0.0,0.0,0.0,3,3
primary_frontloaded,ST09,3,audit_signal,Audit-stage prompt signal,risk_difference,0.3333333333333333,0.0,0.3333333333333333,3,3
primary_frontloaded,ST09,3,remediation_signal,Remediation-stage prompt signal,risk_difference,0.3333333333333333,0.3333333333333333,0.0,3,3
primary_frontloaded,ST09,3,packaging_release_signal,Packaging/release-stage prompt signal,risk_difference,0.3333333333333333,0.0,0.3333333333333333,3,3
primary_frontloaded,ST09,3,multistage_signal,At least two distinct stage prompt signals,risk_difference,0.3333333333333333,0.0,0.3333333333333333,3,3
primary_frontloaded,ST09,3,grounded_decision_trace,Grounded-decision trace proxy,risk_difference,0.6666666666666666,0.0,0.6666666666666666,3,3
primary_frontloaded,ST09,3,duration_min,Median observed trajectory minutes,median_ratio,40.06418333333333,6.75825,5.928189003563546,3,3
primary_frontloaded,ST09,3,completed_substantive_actions,Median completed substantive actions,median_ratio,8.0,4.0,2.0,3,3
primary_frontloaded,ST09,3,min_per_action,Median minutes per completed substantive action,median_ratio,5.0080229166666665,1.3262166666666666,3.776172508262853,3,3
primary_frontloaded,ST10,22,verification_successful,Completed-successful verification call,risk_difference,0.45454545454545453,0.36363636363636365,0.09090909090909088,22,22
primary_frontloaded,ST10,22,audit_signal,Audit-stage prompt signal,risk_difference,0.22727272727272727,0.045454545454545456,0.18181818181818182,22,22
primary_frontloaded,ST10,22,remediation_signal,Remediation-stage prompt signal,risk_difference,0.2727272727272727,0.045454545454545456,0.22727272727272724,22,22
primary_frontloaded,ST10,22,packaging_release_signal,Packaging/release-stage prompt signal,risk_difference,0.13636363636363635,0.0,0.13636363636363635,22,22
primary_frontloaded,ST10,22,multistage_signal,At least two distinct stage prompt signals,risk_difference,0.5454545454545454,0.0,0.5454545454545454,22,22
primary_frontloaded,ST10,22,grounded_decision_trace,Grounded-decision trace proxy,risk_difference,0.5909090909090909,0.09090909090909091,0.5,22,22
primary_frontloaded,ST10,22,duration_min,Median observed trajectory minutes,median_ratio,5.069283333333333,4.533183333333334,1.1182612659977718,22,22
primary_frontloaded,ST10,22,completed_substantive_actions,Median completed substantive actions,median_ratio,6.5,4.5,1.4444444444444444,22,22
primary_frontloaded,ST10,22,min_per_action,Median minutes per completed substantive action,median_ratio,0.7385152777777778,0.8212277777777779,0.8992819017595605,22,22
primary_frontloaded,ST11,3,verification_successful,Completed-successful verification call,risk_difference,0.3333333333333333,0.3333333333333333,0.0,3,3
primary_frontloaded,ST11,3,audit_signal,Audit-stage prompt signal,risk_difference,0.3333333333333333,0.0,0.3333333333333333,3,3
primary_frontloaded,ST11,3,remediation_signal,Remediation-stage prompt signal,risk_difference,0.0,0.0,0.0,3,3
primary_frontloaded,ST11,3,packaging_release_signal,Packaging/release-stage prompt signal,risk_difference,0.0,0.0,0.0,3,3
primary_frontloaded,ST11,3,multistage_signal,At least two distinct stage prompt signals,risk_difference,0.0,0.0,0.0,3,3
primary_frontloaded,ST11,3,grounded_decision_trace,Grounded-decision trace proxy,risk_difference,0.3333333333333333,0.0,0.3333333333333333,3,3
primary_frontloaded,ST11,3,duration_min,Median observed trajectory minutes,median_ratio,15.254633333333334,2.8064999999999998,5.435465288912644,3,3
primary_frontloaded,ST11,3,completed_substantive_actions,Median completed substantive actions,median_ratio,9.0,2.0,4.5,3,3
primary_frontloaded,ST11,3,min_per_action,Median minutes per completed substantive action,median_ratio,1.6949592592592593,1.4032499999999999,1.207881175313921,3,3
primary_frontloaded,ST13,10,verification_successful,Completed-successful verification call,risk_difference,0.3,0.4,-0.10000000000000003,10,10
primary_frontloaded,ST13,10,audit_signal,Audit-stage prompt signal,risk_difference,0.3,0.2,0.09999999999999998,10,10
primary_frontloaded,ST13,10,remediation_signal,Remediation-stage prompt signal,risk_difference,0.3,0.0,0.3,10,10
primary_frontloaded,ST13,10,packaging_release_signal,Packaging/release-stage prompt signal,risk_difference,0.2,0.0,0.2,10,10
primary_frontloaded,ST13,10,multistage_signal,At least two distinct stage prompt signals,risk_difference,0.5,0.0,0.5,10,10
primary_frontloaded,ST13,10,grounded_decision_trace,Grounded-decision trace proxy,risk_difference,0.3,0.0,0.3,10,10
primary_frontloaded,ST13,10,duration_min,Median observed trajectory minutes,median_ratio,10.415883333333333,5.92265,1.7586525175948828,10,10
primary_frontloaded,ST13,10,completed_substantive_actions,Median completed substantive actions,median_ratio,11.0,7.0,1.5714285714285714,10,10
primary_frontloaded,ST13,10,min_per_action,Median minutes per completed substantive action,median_ratio,0.8749456250000001,0.7896270833333332,1.1080491582260616,10,10
