claim_id,manuscript_locator,claim_summary,evidence_file,record_selector,generator,verification_mode,claim_status,boundary_note
CE-C01,Abstract and Section 4.1,"Retained source segments, resolved event-normalized trajectories, and archive count",analysis/results/analysis_summary.json and analysis/EVENT_CORRECTION_IMPACT.json,"analysis/results/analysis_summary.json :: scope; fields=source_episode_rows,source_station_archives; expected_records=1 || analysis/EVENT_CORRECTION_IMPACT.json :: intake; fields=retained_source_segments; expected_records=1",analysis/scripts/run_workstation_analysis.py,public totals and receipt binding; restricted source replay,receipt_backed_scope,Native identity reconciliation is not proof of independent people or tasks
CE-C02,Abstract and Section 4.2,Primary and unrestricted balanced observations per condition,analysis/results/analysis_summary.json,"analysis/results/analysis_summary.json :: scope; fields=primary_frontloaded_balanced_per_condition,unrestricted_balanced_per_condition; expected_records=1",analysis/scripts/run_workstation_analysis.py,public aggregate cross-check; restricted sample reconstruction,aggregate_checkable,Unreleased corrected analysis; exact balancing cells withheld
CE-C03,Section 4.3 and primary process-signal table,Six primary process-signal rates and observed contrasts,analysis/results/pooled_summary.csv,"analysis/results/pooled_summary.csv :: rows where analysis_set=primary_frontloaded;effect_scale=risk_difference; fields=metric,ce_value,comparison_value,effect,rows_per_condition,ce_observed,comparison_observed; expected_records=6",analysis/scripts/run_workstation_analysis.py,public aggregate arithmetic; restricted event labeling,aggregate_checkable,Five prompt-language measures are classifier-coupled proxies
CE-C04,Abstract and Section 4.3,"Primary verification rates, positive counts, and raw percentage-point gap",analysis/results/pooled_summary.csv,"analysis/results/pooled_summary.csv :: rows where analysis_set=primary_frontloaded;metric=verification_successful; fields=ce_value,comparison_value,effect,rows_per_condition,ce_observed,comparison_observed; expected_records=1",analysis/scripts/run_workstation_analysis.py,public rates and count arithmetic; restricted verification labeling,aggregate_checkable,Descriptive association only
CE-C05,Section 4.3 and Supplement S-C,Equal-station sensitivity and descriptive intervals,analysis/results/equal_station_summary.csv,"analysis/results/equal_station_summary.csv :: rows where analysis_set=primary_frontloaded; fields=metric,effect,stations,ci_low,ci_high; expected_records=9",analysis/scripts/run_workstation_analysis.py,public station-effect and bootstrap recomputation; restricted station inputs,aggregate_recomputable,Intervals are descriptive station bootstrap sensitivities
CE-C06,Section 4.3 and Supplement S-C action-count diagnostic,Primary comparator-standardized verification gap,analysis/results/action_count_verification_summary.json,"analysis/results/action_count_verification_summary.json :: summaries where analysis_set=primary_frontloaded;archive_batch=all; fields=rows_per_condition,raw_gap,comparator_standardized_gap,diagnostic_only; expected_records=1",analysis/scripts/derive_action_count_verification.py,public action-bin recomputation; restricted action labeling,aggregate_recomputable,Post hoc diagnostic; not confounding adjustment
CE-C07,Section 4.3 and Supplement S-C action-count diagnostic,Unrestricted comparator-standardized verification gap,analysis/results/action_count_verification_summary.json,"analysis/results/action_count_verification_summary.json :: summaries where analysis_set=unrestricted;archive_batch=all; fields=rows_per_condition,raw_gap,comparator_standardized_gap,diagnostic_only; expected_records=1",analysis/scripts/derive_action_count_verification.py,public action-bin recomputation; restricted action labeling,aggregate_recomputable,Post hoc diagnostic
CE-C08,Section 4.3 and Supplement S-C action-count diagnostic,Subsequent-capture primary comparator-standardized verification gap,analysis/results/action_count_verification_summary.json,"analysis/results/action_count_verification_summary.json :: summaries where analysis_set=primary_frontloaded;archive_batch=subsequent_capture_ST04_ST13; fields=rows_per_condition,raw_gap,comparator_standardized_gap,diagnostic_only; expected_records=1",analysis/scripts/derive_action_count_verification.py,public action-bin recomputation; restricted action labeling,aggregate_recomputable,Post hoc diagnostic; not confounding adjustment
CE-C09,Sections 4.4 and 7.3,Observed timing medians and available-case denominators; no total-labor or causal speed estimate,analysis/results/pooled_summary.csv and analysis/results/equal_station_summary.csv,"analysis/results/pooled_summary.csv :: rows where analysis_set in (primary_frontloaded|unrestricted);metric in (duration_min|min_per_action); fields=analysis_set,metric,ce_value,comparison_value,effect,rows_per_condition,ce_observed,comparison_observed; expected_records=4 || analysis/results/equal_station_summary.csv :: rows where analysis_set in (primary_frontloaded|unrestricted);metric in (duration_min|min_per_action); fields=analysis_set,metric,effect,stations,ci_low,ci_high; expected_records=4",analysis/scripts/run_workstation_analysis.py,public aggregate contrast checks; restricted median reconstruction,bounded_aggregate,Observed trajectory time is not total labor or completion speed
CE-C10,Section 4.6 and Supplement S-D,Eligible comparison events and candidate-positive linkage at window 20,analysis/results/inheritance_pilot_summary.json,"analysis/results/inheritance_pilot_summary.json :: sensitivity where window=20; fields=window,candidate_positive,eligible_rows,candidate_positive_rate,unresolved; expected_records=1",analysis/scripts/run_inheritance_pilot.py,public count-rate arithmetic; restricted linkage reconstruction,aggregate_checkable,"Automated, unadjudicated, three-station pilot; strong-or-probable predecessors"
CE-C11,Supplement S-B,ST02 zero-copy manifest entry intentionally excludes 659 post-cutoff records; not missing eligible data,data/provenance/source_chain_receipts.csv,"data/provenance/source_chain_receipts.csv :: rows where receipt_id=SRC-02; fields=receipt_id,stage,episode_rows,station_archives,verification_result,public_interpretation; expected_records=1",analysis/upstream_contract/scripts/postrun-context-screen.py,public receipt inspection; restricted collection-record verification,receipt_backed_limitation,Separate availability-selection and collector timestamp limitations remain
CE-C12,Discussion and limitations,The archival classifier does not test implementation of the five roles or four concerns,analysis/upstream_contract/PUBLICATION_ANALYSIS_DEVIATION.md,"analysis/upstream_contract/PUBLICATION_ANALYSIS_DEVIATION.md :: section=Authorized analytical meaning; required_text=They do not establish | five-role Context Engineering method | four-stage workflow | product quality, or causality; expected_records=1",analysis contract,public contract-text inspection; no empirical validation claim,interpretation_boundary,No construct-validity or formal-method implementation claim
