lineage_id,public_artifact,public_field,restricted_input_field_class,transformation,script,function,public_verification,notes
LIN-001,analysis/results/analysis_summary.json,scope.source_episode_rows,merged-row presence,Count resolved event-normalized rows after explicit quarantine; retain predecessor count separately,analysis/scripts/run_workstation_analysis.py,main,receipt only,Requires restricted merged input
LIN-002,analysis/results/analysis_summary.json,scope.source_conversation_count,pseudonymous source reference,Count distinct canonical source references; not all source aliases or distinct conversations,analysis/scripts/run_workstation_analysis.py,main,receipt only,No source reference is released
LIN-003,analysis/results/pooled_summary.csv,verification_successful,completed tool-call status and verify-class action,Indicator for at least one completed-successful verification call; aggregate mean by condition,analysis/scripts/run_workstation_analysis.py,completed_successful_verification and pooled_summary,arithmetic from governed derivative,Only tool-trace behavioral measure
LIN-004,analysis/results/pooled_summary.csv,audit_signal,prompt text,Regex-defined stage signal after narrowly removing inert Git commit/tag message arguments; aggregate mean by condition,analysis/upstream_contract/scripts/postrun-context-screen.py,"stage_request_text, matched_groups and episode_classification",aggregate only,No prompt text or match excerpt is released
LIN-005,analysis/results/pooled_summary.csv,remediation_signal,prompt text,Regex-defined stage signal after narrowly removing inert Git commit/tag message arguments; aggregate mean by condition,analysis/upstream_contract/scripts/postrun-context-screen.py,"stage_request_text, matched_groups and episode_classification",aggregate only,Classifier-coupled proxy
LIN-006,analysis/results/pooled_summary.csv,packaging_release_signal,prompt text,Regex-defined stage signal after narrowly removing inert Git commit/tag message arguments; aggregate mean by condition,analysis/upstream_contract/scripts/postrun-context-screen.py,"stage_request_text, matched_groups and episode_classification",aggregate only,Classifier-coupled proxy
LIN-007,analysis/results/pooled_summary.csv,multistage_signal,stage signal mask,"Indicator for at least two distinct stages among requirements, context, design, implementation, verification, audit, remediation, packaging_release",analysis/scripts/run_workstation_analysis.py,transform,aggregate arithmetic,Classifier-coupled proxy; repeated hits within one stage count once
LIN-008,analysis/results/pooled_summary.csv,grounded_decision_trace,prompt-stage mask and retrieval/search completion-success flags and assistant text length,Requirements OR design OR audit OR verification stage; AND at least one same-invocation completed-successful retrieve/search; AND assistant characters >=100; carry adapter-defined proxy then aggregate mean by condition,analysis/upstream_contract/scripts/postrun-context-screen.py,episode_classification; analysis transform and pooled_summary,aggregate only,Classifier-coupled proxy; no semantic decision-quality validation
LIN-009,analysis/results/pooled_summary.csv,duration_min,episode start and end timestamps,Elapsed observed trajectory minutes then median by condition,analysis/scripts/run_workstation_analysis.py,transform and pooled_summary,aggregate arithmetic,Available-case timing only; missing or inconsistent clocks not zero-imputed; observed denominators published
LIN-010,analysis/results/pooled_summary.csv,completed_substantive_actions,tool action class and completion-success flags,Classify exact supported TodoWrite aliases as administrative; count only completed-successful modify/execute/verify invocations; then take the condition median,analysis/scripts/run_workstation_analysis.py,transform and pooled_summary,aggregate arithmetic,Task-list bookkeeping and Codex polling do not add substantive actions; actual file writes remain; count is not effort or quality
LIN-011,analysis/results/pooled_summary.csv,min_per_action,duration and action count,Duration divided by positive completed-action count then median by condition,analysis/scripts/run_workstation_analysis.py,transform and pooled_summary,aggregate arithmetic,Available-case timing only; missing or inconsistent clocks not zero-imputed; observed denominators published
LIN-012,analysis/results/station_effects.csv,effect,pseudonymous station and metric values,Within-station condition contrast,analysis/scripts/run_workstation_analysis.py,station_effects,public recomputation input for equal-station view,No station identity key exists in the release
LIN-013,analysis/results/equal_station_summary.csv,effect and interval,station effects,Mean station effect and deterministic 50000-repetition station bootstrap interval,analysis/scripts/run_workstation_analysis.py,equal_station_summary,recomputed from public station effects,Descriptive sensitivity
LIN-014,analysis/results/archive_group_summary.csv,effect,station capture group and metric values,Condition contrast within initial or subsequent archive group,analysis/scripts/run_workstation_analysis.py,archive_group_summary,aggregate arithmetic,Capture batch is not a randomized period
LIN-015,analysis/results/action_count_verification_strata.csv,gap,condition action count and verification indicator,Within-bin verification-rate difference,analysis/scripts/derive_action_count_verification.py,summarize,aggregate arithmetic,Action count includes verification and is post-exposure
LIN-016,analysis/results/action_count_verification_summary.json,comparator_standardized_gap,public action-bin rates and comparison weights,Weighted sum of within-bin gaps using comparison distribution,analysis/scripts/derive_action_count_verification.py,summarize,recomputed from public strata,Diagnostic only
LIN-017,analysis/results/inheritance_window_sensitivity.csv,candidate_positive_rate,restricted candidate map minimum qualifying window,Candidate-positive count divided by eligible rows at each window,analysis/scripts/run_inheritance_pilot.py,main,aggregate arithmetic,Every row-level label remains unadjudicated
LIN-018,analysis/results/inheritance_pilot_summary.json,tier_counts,restricted candidate mapping class,Count automated linkage tiers after rule precedence,analysis/scripts/run_inheritance_pilot.py,main,aggregate cross-check,Strong-or-probable predecessor set differs from balanced strong-only arm
LIN-019,data/catalog/aggregate_catalog.csv,all public view fields,public aggregate CSV and JSON files,Normalize heterogeneous aggregate views into a filterable long table,scripts/build_public_catalog.py,build_catalog,byte-identical deterministic rebuild,No new row-level information is introduced
LIN-020,Context_Engineering_Evidence_Explorer.xlsx,all worksheets,public aggregate and provenance files,Reviewer-facing rendering of tracked public tables,local workbook build,artifact-tool builder,source tables remain canonical,Workbook contains no hidden raw-data sheet
LIN-021,analysis/results/pooled_summary.csv,verification_successful and completed_substantive_actions,provider result envelopes and corrected-primary process-session association,"Codex terminal completion and success parsed separately; merged-primary polling updates the originating invocation once; fresh-task, unlinked or ambiguous polling does not establish earlier process success",analysis/upstream_contract/scripts/postrun-context-screen.py,result_status_parts and EpisodeToolState; refresh_merged_codex_completion,fictional regression tests plus controlled-source replay,Provider-reported status is not independent evidence of task quality
LIN-022,analysis/results/analysis_summary.json,scope.action_eligible_frontloaded_ce_candidates,recorded attachment blocks and prompt context references,Count Codex input_image blocks in recognized text-bearing prompts then apply frozen frontloading OR expression,analysis/upstream_contract/scripts/postrun-context-screen.py,extract_human_prompt; analysis frontloaded,fictional regression tests plus controlled-source replay,Image presence does not establish its use; image-only prompt boundary unchanged
LIN-023,analysis/EVENT_CORRECTION_IMPACT.json,event accounting,native message and tool identities plus pinned source intervals,"Outcome-independent native-identity reconciliation, supported primary-boundary absorption with all work retained, unique-call attribution and explicit quarantine",analysis/upstream_contract/scripts/event_normalization.py,normalize_sources and reconcile_nonprimary_boundaries,fictional regression tests; full reconstruction requires authorized private sources,"No raw identity, prompt, context, output or event map is public"
LIN-024,analysis/results/boundary_correction_summary.json,normalization and historical overlap aggregates,frozen historical review bindings and private version-to-version event joins,"Count current dispositions, unchanged or changed measurements, and primary overlap without transferring historical human judgments",restricted reconciliation; not distributed,aggregate version-to-version rejoin,aggregate conservation only; detailed joins require authorized restricted records,No new human labels or population-accuracy estimate; original collective 46-case confirmation remains event-v3 evidence
LIN-025,analysis/results/analysis_summary.json,scope.action_eligible_frontloaded_ce_candidates,"prompt artifact references, attachments and native task-boundary metadata","Exclude XML element syntax and complete bare dot-number tokens from path counts; preserve dotfiles and qualified paths, extensions and URL-like references; attached context prevents bare-continuation exclusion",analysis/upstream_contract/scripts/postrun-context-screen.py,artifact_references and episode_classification,fictional regression tests; empirical classifications require restricted source records,"This is a narrow deterministic input correction, not semantic intent adjudication"
LIN-026,analysis/results/action_reference_correction_summary.json,versioned action/reference correction aggregates,pinned predecessor/successor traces and analytical sample membership,"Compare versioned deterministic labels, action counts, frontloading and sample membership using the same frozen empirical frame",restricted correction accounting; not distributed,aggregate predecessor-to-successor comparison,aggregate conservation and receipt consistency; detailed comparisons require authorized restricted records,Mechanical exposure and changes are not human error rates or estimates of causal effects
